term	description	gtc_id	related_synonyms	glycoCT	xref	code_system	comment	term_uuid	src_uuid
A1	afucosylated agalactosylated monantennary N-glycan			RES\r\n1b:b-dglc-HEX-1:5\r\n2s:n-acetyl\r\n3b:b-dglc-HEX-1:5\r\n4s:n-acetyl\r\n5b:b-dman-HEX-1:5\r\n6b:a-dman-HEX-1:5\r\n7b:a-dman-HEX-1:5\r\n8b:b-dglc-HEX-1:5\r\n9s:n-acetyl\r\nLIN\r\n1:1d(2+1)2n\r\n2:1o(4+1)3d\r\n3:3d(2+1)4n\r\n4:3o(4+1)5d\r\n5:5o(3+1)6d\r\n6:5o(6+1)7d\r\n7:6o(2+1)8d\r\n8:8d(2+1)9n	SRC:GLYGEN_CURATORS	Oxford notation	mammalian, canonical	558c6e29-6921-4fa8-81fb-105af7b1ac93	6e015c5d-34cf-4aa2-b75e-4e7f22334f2f
A1G1	afucosylated monogalactosylated monantennary N-glycan			RES\r\n1b:b-dglc-HEX-1:5\r\n2s:n-acetyl\r\n3b:b-dglc-HEX-1:5\r\n4s:n-acetyl\r\n5b:b-dman-HEX-1:5\r\n6b:a-dman-HEX-1:5\r\n7b:a-dman-HEX-1:5\r\n8b:b-dglc-HEX-1:5\r\n9s:n-acetyl\r\n10b:b-dgal-HEX-1:5\r\nLIN\r\n1:1d(2+1)2n\r\n2:1o(4+1)3d\r\n3:3d(2+1)4n\r\n4:3o(4+1)5d\r\n5:5o(3+1)6d\r\n6:5o(6+1)7d\r\n7:6o(2+1)8d\r\n8:8d(2+1)9n\r\n9:8o(4+1)10d	SRC:GLYGEN_CURATORS	Oxford notation	mammalian, canonical	b9528c73-258e-4986-8bea-74d253f0afc6	019648b9-5f23-4ecd-a182-aaf225cb930a
A2	afucosylated agalactosylated biantennary N-glycan	G83367MW		RES\r\n1b:b-dglc-HEX-1:5\r\n2s:n-acetyl\r\n3b:b-dglc-HEX-1:5\r\n4s:n-acetyl\r\n5b:b-dman-HEX-1:5\r\n6b:a-dman-HEX-1:5\r\n7b:a-dman-HEX-1:5\r\n8b:b-dglc-HEX-1:5\r\n9s:n-acetyl\r\n10b:b-dglc-HEX-1:5\r\n11s:n-acetyl\r\n12b:b-dgal-HEX-1:5\r\n13b:b-dgal-HEX-1:5\r\nLIN\r\n1:1d(2+1)2n\r\n2:1o(4+1)3d\r\n3:3d(2+1)4n\r\n4:3o(4+1)5d\r\n5:5o(3+1)6d\r\n6:5o(6+1)7d\r\n7:6o(2+1)8d\r\n8:8d(2+1)9n\r\n9:7o(2+1)10d\r\n10:10d(2+1)11n\r\n11:8o(4+1)12d\r\n12:10o(4+1)13d	SRC:https://www.ludger.com/docs/tables/ludger-n-glycan-nomenclature-table.pdf	Oxford notation	mammalian complex-type, canonical	0605927f-fc12-42da-a5c2-1a52395ab7f8	95629ac6-5814-49bb-9dfb-3754b550688b
A2[3]G1	afucosylated 3-arm monogalactosylated biantennary N-glycan			RES\r\n1b:b-dglc-HEX-1:5\r\n2s:n-acetyl\r\n3b:b-dglc-HEX-1:5\r\n4s:n-acetyl\r\n5b:b-dman-HEX-1:5\r\n6b:a-dman-HEX-1:5\r\n7b:a-dman-HEX-1:5\r\n8b:b-dglc-HEX-1:5\r\n9s:n-acetyl\r\n10b:b-dglc-HEX-1:5\r\n11s:n-acetyl\r\n12b:b-dgal-HEX-1:5\r\nLIN\r\n1:1d(2+1)2n\r\n2:1o(4+1)3d\r\n3:3d(2+1)4n\r\n4:3o(4+1)5d\r\n5:5o(3+1)6d\r\n6:5o(6+1)7d\r\n7:6o(2+1)8d\r\n8:8d(2+1)9n\r\n9:7o(2+1)10d\r\n10:10d(2+1)11n\r\n11:8o(4+1)12d	SRC:https://www.ludger.com/docs/tables/ludger-n-glycan-nomenclature-table.pdf	Oxford notation	mammalian complex-type, canonical	a4fafd81-d735-4de0-9a1a-54c71b11a0aa	a97ab786-10e0-4686-928b-9c19e2e5a9db
A2[6]G1	afucosylated 6-arm monogalactosylated biantennary N-glycan			RES\r\n1b:b-dglc-HEX-1:5\r\n2s:n-acetyl\r\n3b:b-dglc-HEX-1:5\r\n4s:n-acetyl\r\n5b:b-dman-HEX-1:5\r\n6b:a-dman-HEX-1:5\r\n7b:a-dman-HEX-1:5\r\n8b:b-dglc-HEX-1:5\r\n9s:n-acetyl\r\n10b:b-dglc-HEX-1:5\r\n11s:n-acetyl\r\n12b:b-dgal-HEX-1:5\r\nLIN\r\n1:1d(2+1)2n\r\n2:1o(4+1)3d\r\n3:3d(2+1)4n\r\n4:3o(4+1)5d\r\n5:5o(3+1)6d\r\n6:5o(6+1)7d\r\n7:6o(2+1)8d\r\n8:8d(2+1)9n\r\n9:7o(2+1)10d\r\n10:10d(2+1)11n\r\n11:10o(4+1)12d	SRC:https://www.ludger.com/docs/tables/ludger-n-glycan-nomenclature-table.pdf	Oxford notation	mammalian complex-type, canonical	149a032b-69f4-4689-8146-fde147ac4c65	b203428b-f97d-4834-b402-945d02392dc7
A2B	afucosylated bisected agalactosylated biantennary N-glycan	G92683CO		RES\r\n1b:b-dglc-HEX-1:5\r\n2s:n-acetyl\r\n3b:b-dglc-HEX-1:5\r\n4s:n-acetyl\r\n5b:b-dman-HEX-1:5\r\n6b:a-dman-HEX-1:5\r\n7b:a-dman-HEX-1:5\r\n8b:b-dglc-HEX-1:5\r\n9s:n-acetyl\r\n10b:b-dglc-HEX-1:5\r\n11s:n-acetyl\r\n12b:b-dglc-HEX-1:5\r\n13s:n-acetyl\r\nLIN\r\n1:1d(2+1)2n\r\n2:1o(4+1)3d\r\n3:3d(2+1)4n\r\n4:3o(4+1)5d\r\n5:5o(3+1)6d\r\n6:5o(6+1)7d\r\n7:6o(2+1)8d\r\n8:8d(2+1)9n\r\n9:7o(2+1)10d\r\n10:10d(2+1)11n\r\n11:5o(4+1)12d\r\n12:12d(2+1)13n	SRC:GLYGEN_CURATORS	Oxford notation	mammalian complex-type, canonical	0b994b4c-7d17-42aa-b8fe-71d08800b960	8af046a4-f253-4dd0-9f35-6501eb9dd3ac
A2BG0	afucosylated bisected agalactosylated biantennary N-glycan		A2B	RES\r\n1b:b-dglc-HEX-1:5\r\n2s:n-acetyl\r\n3b:b-dglc-HEX-1:5\r\n4s:n-acetyl\r\n5b:b-dman-HEX-1:5\r\n6b:a-dman-HEX-1:5\r\n7b:a-dman-HEX-1:5\r\n8b:b-dglc-HEX-1:5\r\n9s:n-acetyl\r\n10b:b-dglc-HEX-1:5\r\n11s:n-acetyl\r\n12b:b-dglc-HEX-1:5\r\n13s:n-acetyl\r\nLIN\r\n1:1d(2+1)2n\r\n2:1o(4+1)3d\r\n3:3d(2+1)4n\r\n4:3o(4+1)5d\r\n5:5o(3+1)6d\r\n6:5o(6+1)7d\r\n7:6o(2+1)8d\r\n8:8d(2+1)9n\r\n9:7o(2+1)10d\r\n10:10d(2+1)11n\r\n11:5o(4+1)12d\r\n12:12d(2+1)13n	SRC:GLYGEN_CURATORS	Oxford notation	mammalian complex-type, canonical	a7c3ef02-2f8b-4b92-8f06-445cc22031c0	07cd6e84-e944-40c9-a617-0b1c7dd96731
A2BG1	afucosylated bisected monogalactosylated biantennary N-glycan	G16377ZV		RES\r\n1b:b-dglc-HEX-1:5\r\n2s:n-acetyl\r\n3b:b-dglc-HEX-1:5\r\n4s:n-acetyl\r\n5b:b-dman-HEX-1:5\r\n6b:a-dman-HEX-1:5\r\n7b:a-dman-HEX-1:5\r\n8b:b-dglc-HEX-1:5\r\n9s:n-acetyl\r\n10b:b-dglc-HEX-1:5\r\n11s:n-acetyl\r\n12b:b-dglc-HEX-1:5\r\n13s:n-acetyl\r\n14b:b-dgal-HEX-1:5\r\nLIN\r\n1:1d(2+1)2n\r\n2:1o(4+1)3d\r\n3:3d(2+1)4n\r\n4:3o(4+1)5d\r\n5:5o(3+1)6d\r\n6:5o(6+1)7d\r\n7:6o(2+1)8d\r\n8:8d(2+1)9n\r\n9:7o(2+1)10d\r\n10:10d(2+1)11n\r\n11:5o(4+1)12d\r\n12:12d(2+1)13n\r\n13:8o(4+1)14d	SRC:GLYGEN_CURATORS	Oxford notation	mammalian complex-type, canonical	92f07899-60f1-4f07-ac64-85831ea7e874	c18fb1dc-2df6-45ee-bf89-66f0a4a88710
A2BG2	afucosylated bisected digalactosylated biantennary N-glycan	G69867DA		RES\r\n1b:b-dglc-HEX-1:5\r\n2s:n-acetyl\r\n3b:b-dglc-HEX-1:5\r\n4s:n-acetyl\r\n5b:b-dman-HEX-1:5\r\n6b:a-dman-HEX-1:5\r\n7b:a-dman-HEX-1:5\r\n8b:b-dglc-HEX-1:5\r\n9s:n-acetyl\r\n10b:b-dglc-HEX-1:5\r\n11s:n-acetyl\r\n12b:b-dglc-HEX-1:5\r\n13s:n-acetyl\r\n14b:b-dgal-HEX-1:5\r\n15b:b-dgal-HEX-1:5\r\nLIN\r\n1:1d(2+1)2n\r\n2:1o(4+1)3d\r\n3:3d(2+1)4n\r\n4:3o(4+1)5d\r\n5:5o(3+1)6d\r\n6:5o(6+1)7d\r\n7:6o(2+1)8d\r\n8:8d(2+1)9n\r\n9:7o(2+1)10d\r\n10:10d(2+1)11n\r\n11:5o(4+1)12d\r\n12:12d(2+1)13n\r\n13:8o(4+1)14d\r\n14:10o(4+1)15d	SRC:GLYGEN_CURATORS	Oxford notation	mammalian complex-type, canonical	2410d679-553d-4dd0-ba68-b91629af36dc	a44fd8cc-f5e2-4e2f-866e-ff4a7f2e04d4
A2BG2S1	afucosylated bisected digalactosylated monosialylated biantennary N-glycan	G87442NP		RES\r\n1b:b-dglc-HEX-1:5\r\n2s:n-acetyl\r\n3b:b-dglc-HEX-1:5\r\n4s:n-acetyl\r\n5b:b-dman-HEX-1:5\r\n6b:a-dman-HEX-1:5\r\n7b:a-dman-HEX-1:5\r\n8b:b-dglc-HEX-1:5\r\n9s:n-acetyl\r\n10b:b-dglc-HEX-1:5\r\n11s:n-acetyl\r\n12b:b-dglc-HEX-1:5\r\n13s:n-acetyl\r\n14b:b-dgal-HEX-1:5\r\n15b:b-dgal-HEX-1:5\r\n16b:a-dgro-dgal-NON-2:6\r\n17s:n-acetyl\r\nLIN\r\n1:1d(2+1)2n\r\n2:1o(4+1)3d\r\n3:3d(2+1)4n\r\n4:3o(4+1)5d\r\n5:5o(3+1)6d\r\n6:5o(6+1)7d\r\n7:6o(2+1)8d\r\n8:8d(2+1)9n\r\n9:7o(2+1)10d\r\n10:10d(2+1)11n\r\n11:5o(4+1)12d\r\n12:12d(2+1)13n\r\n13:8o(4+1)14d\r\n14:10o(4+1)15d\r\n15:14o(6+2)16d\r\n16:16d(5+1)17n	SRC:GLYGEN_CURATORS	Oxford notation	mammalian complex-type, canonical	9311af08-d5dd-43b1-b0ac-116a77719f1b	a3fb1373-e34a-4eda-a462-6687f2044bf4
A2BG2S2	afucosylated bisected digalactosylated disialylated biantennary N-glycan	G20746DT		RES\r\n1b:b-dglc-HEX-1:5\r\n2s:n-acetyl\r\n3b:b-dglc-HEX-1:5\r\n4s:n-acetyl\r\n5b:b-dman-HEX-1:5\r\n6b:a-dman-HEX-1:5\r\n7b:a-dman-HEX-1:5\r\n8b:b-dglc-HEX-1:5\r\n9s:n-acetyl\r\n10b:b-dglc-HEX-1:5\r\n11s:n-acetyl\r\n12b:b-dglc-HEX-1:5\r\n13s:n-acetyl\r\n14b:b-dgal-HEX-1:5\r\n15b:b-dgal-HEX-1:5\r\n16b:a-dgro-dgal-NON-2:6\r\n17s:n-acetyl\r\n18b:a-dgro-dgal-NON-2:6\r\n19s:n-acetyl\r\nLIN\r\n1:1d(2+1)2n\r\n2:1o(4+1)3d\r\n3:3d(2+1)4n\r\n4:3o(4+1)5d\r\n5:5o(3+1)6d\r\n6:5o(6+1)7d\r\n7:6o(2+1)8d\r\n8:8d(2+1)9n\r\n9:7o(2+1)10d\r\n10:10d(2+1)11n\r\n11:5o(4+1)12d\r\n12:12d(2+1)13n\r\n13:8o(4+1)14d\r\n14:10o(4+1)15d\r\n15:14o(6+2)16d\r\n16:16d(5+1)17n\r\n17:15o(6+2)18d\r\n18:18d(5+1)19n	SRC:GLYGEN_CURATORS	Oxford notation	mammalian complex-type, canonical	8bc613fa-fd70-4270-99e0-eba61136246d	ca1473f3-0173-4cf1-bac2-288688d0643c
A2F1	afucosylated mono-antennary-fucosylated agalactosylated biantennary N-glycan			RES\r\n1b:b-dglc-HEX-1:5\r\n2s:n-acetyl\r\n3b:b-dglc-HEX-1:5\r\n4s:n-acetyl\r\n5b:b-dman-HEX-1:5\r\n6b:a-dman-HEX-1:5\r\n7b:a-dman-HEX-1:5\r\n8b:b-dglc-HEX-1:5\r\n9s:n-acetyl\r\n10b:b-dglc-HEX-1:5\r\n11s:n-acetyl\r\n12b:a-l-fuc-HEX-1:5\r\nLIN\r\n1:1d(2+1)2n\r\n2:1o(4+1)3d\r\n3:3d(2+1)4n\r\n4:3o(4+1)5d\r\n5:5o(3+1)6d\r\n6:5o(6+1)7d\r\n7:6o(2+1)8d\r\n8:8d(2+1)9n\r\n9:7o(2+1)10d\r\n10:10d(2+1)11n\r\n11:8o(3+1)12d	SRC:GLYGEN_CURATORS	Oxford notation	mammalian complex-type, canonical	848697c5-4a99-46ca-9265-25cc5275cf78	8d990080-c9b9-4dbd-8e41-481cb683c9cd
A2F1G2S2	afucosylated mono-antennary-fucosylated digalactosylated disialylated biantennary N-glycan			RES\r\n1b:b-dglc-HEX-1:5\r\n2s:n-acetyl\r\n3b:b-dglc-HEX-1:5\r\n4s:n-acetyl\r\n5b:b-dman-HEX-1:5\r\n6b:a-dman-HEX-1:5\r\n7b:a-dman-HEX-1:5\r\n8b:b-dglc-HEX-1:5\r\n9s:n-acetyl\r\n10b:b-dglc-HEX-1:5\r\n11s:n-acetyl\r\n12b:a-l-fuc-HEX-1:5\r\n13b:b-dgal-HEX-1:5\r\n14b:b-dgal-HEX-1:5\r\n15b:a-dgro-dgal-NON-2:6\r\n16s:n-acetyl\r\n17b:a-dgro-dgal-NON-2:6\r\n18s:n-acetyl\r\nLIN\r\n1:1d(2+1)2n\r\n2:1o(4+1)3d\r\n3:3d(2+1)4n\r\n4:3o(4+1)5d\r\n5:5o(3+1)6d\r\n6:5o(6+1)7d\r\n7:6o(2+1)8d\r\n8:8d(2+1)9n\r\n9:7o(2+1)10d\r\n10:10d(2+1)11n\r\n11:8o(3+1)12d\r\n12:8o(4+1)13d\r\n13:10o(4+1)14d\r\n14:13o(6+2)15d\r\n15:15d(5+1)16n\r\n16:14o(6+2)17d\r\n17:17d(5+1)18n	SRC:GLYGEN_CURATORS	Oxford notation	mammalian complex-type, canonical	8dc047d1-e1a2-4a66-bfbb-65623b7f08fa	c8e8b676-f15b-4cb5-9c96-8127e6bcf12e
A2G1	afucosylated monogalactosylated biantennary N-glycan			RES\r\n1b:b-dglc-HEX-1:5\r\n2s:n-acetyl\r\n3b:b-dglc-HEX-1:5\r\n4s:n-acetyl\r\n5b:b-dman-HEX-1:5\r\n6b:a-dman-HEX-1:5\r\n7b:a-dman-HEX-1:5\r\n8b:b-dglc-HEX-1:5\r\n9s:n-acetyl\r\n10b:b-dglc-HEX-1:5\r\n11s:n-acetyl\r\n12b:b-dgal-HEX-1:5\r\nLIN\r\n1:1d(2+1)2n\r\n2:1o(4+1)3d\r\n3:3d(2+1)4n\r\n4:3o(4+1)5d\r\n5:5o(3+1)6d\r\n6:5o(6+1)7d\r\n7:6o(2+1)8d\r\n8:8d(2+1)9n\r\n9:7o(2+1)10d\r\n10:10d(2+1)11n\r\n11:8o(4+1)12d	SRC:GLYGEN_CURATORS	Oxford notation	mammalian complex-type, canonical	1950a6af-7cbb-49cf-aae3-59bc276a5980	7557ec28-0f51-47eb-8ed7-0d6c84f0ba02
A2G2	afucosylated digalactosylated biantennary N-glycan	G17434DR		RES\r\n1b:b-dglc-HEX-1:5\r\n2s:n-acetyl\r\n3b:b-dglc-HEX-1:5\r\n4s:n-acetyl\r\n5b:b-dman-HEX-1:5\r\n6b:a-dman-HEX-1:5\r\n7b:a-dman-HEX-1:5\r\n8b:b-dglc-HEX-1:5\r\n9s:n-acetyl\r\n10b:b-dglc-HEX-1:5\r\n11s:n-acetyl\r\n12b:b-dgal-HEX-1:5\r\n13b:b-dgal-HEX-1:5\r\nLIN\r\n1:1d(2+1)2n\r\n2:1o(4+1)3d\r\n3:3d(2+1)4n\r\n4:3o(4+1)5d\r\n5:5o(3+1)6d\r\n6:5o(6+1)7d\r\n7:6o(2+1)8d\r\n8:8d(2+1)9n\r\n9:7o(2+1)10d\r\n10:10d(2+1)11n\r\n11:8o(4+1)12d\r\n12:10o(4+1)13d	SRC:https://www.ludger.com/docs/tables/ludger-n-glycan-nomenclature-table.pdf	Oxford notation	mammalian complex-type, canonical	2d0aec1a-2f4b-44d7-9ff3-796bfdd88636	fcd1f1ff-4fb7-4a00-a4d3-cc7dac938298
A2G2S1	afucosylated digalactosylated monosialylated biantennary N-glycan	G73813HX		RES\r\n1b:b-dglc-HEX-1:5\r\n2s:n-acetyl\r\n3b:b-dglc-HEX-1:5\r\n4s:n-acetyl\r\n5b:b-dman-HEX-1:5\r\n6b:a-dman-HEX-1:5\r\n7b:a-dman-HEX-1:5\r\n8b:b-dglc-HEX-1:5\r\n9s:n-acetyl\r\n10b:b-dglc-HEX-1:5\r\n11s:n-acetyl\r\n12b:b-dgal-HEX-1:5\r\n13b:b-dgal-HEX-1:5\r\n14b:a-dgro-dgal-NON-2:6\r\n15s:n-acetyl\r\nLIN\r\n1:1d(2+1)2n\r\n2:1o(4+1)3d\r\n3:3d(2+1)4n\r\n4:3o(4+1)5d\r\n5:5o(3+1)6d\r\n6:5o(6+1)7d\r\n7:6o(2+1)8d\r\n8:8d(2+1)9n\r\n9:7o(2+1)10d\r\n10:10d(2+1)11n\r\n11:8o(4+1)12d\r\n12:10o(4+1)13d\r\n13:12o(6+2)14d\r\n14:14d(5+1)15n	SRC:https://www.ludger.com/docs/tables/ludger-n-glycan-nomenclature-table.pdf	Oxford notation	mammalian complex-type, canonical	37d0e526-70e9-41a9-93ca-621586dff079	e5a982c8-be4b-40b0-b93b-60e85132f7b3
A2G2S2	afucosylated digalactosylated disialylated biantennary N-glycan	G43679GQ		RES\r\n1b:b-dglc-HEX-1:5\r\n2s:n-acetyl\r\n3b:b-dglc-HEX-1:5\r\n4s:n-acetyl\r\n5b:b-dman-HEX-1:5\r\n6b:a-dman-HEX-1:5\r\n7b:a-dman-HEX-1:5\r\n8b:b-dglc-HEX-1:5\r\n9s:n-acetyl\r\n10b:b-dglc-HEX-1:5\r\n11s:n-acetyl\r\n12b:b-dgal-HEX-1:5\r\n13b:b-dgal-HEX-1:5\r\n14b:a-dgro-dgal-NON-2:6\r\n15s:n-acetyl\r\n16b:a-dgro-dgal-NON-2:6\r\n17s:n-acetyl\r\nLIN\r\n1:1d(2+1)2n\r\n2:1o(4+1)3d\r\n3:3d(2+1)4n\r\n4:3o(4+1)5d\r\n5:5o(3+1)6d\r\n6:5o(6+1)7d\r\n7:6o(2+1)8d\r\n8:8d(2+1)9n\r\n9:7o(2+1)10d\r\n10:10d(2+1)11n\r\n11:8o(4+1)12d\r\n12:10o(4+1)13d\r\n13:12o(6+2)14d\r\n14:14d(5+1)15n\r\n15:13o(6+2)16d\r\n16:16d(5+1)17n	SRC:https://www.ludger.com/docs/tables/ludger-n-glycan-nomenclature-table.pdf	Oxford notation	mammalian complex-type, canonical	1acd7360-9827-4469-9cb2-b5fe84935177	0f8cab78-bd54-45e3-a2e2-f703447fdd8c
A3	afucosylated agalactosylated triantennary N-glycan			RES\r\n1b:b-dglc-HEX-1:5\r\n2s:n-acetyl\r\n3b:b-dglc-HEX-1:5\r\n4s:n-acetyl\r\n5b:b-dman-HEX-1:5\r\n6b:a-dman-HEX-1:5\r\n7b:a-dman-HEX-1:5\r\n8b:b-dglc-HEX-1:5\r\n9s:n-acetyl\r\n10b:b-dglc-HEX-1:5\r\n11s:n-acetyl\r\n12b:b-dglc-HEX-1:5\r\n13s:n-acetyl\r\nLIN\r\n1:1d(2+1)2n\r\n2:1o(4+1)3d\r\n3:3d(2+1)4n\r\n4:3o(4+1)5d\r\n5:5o(3+1)6d\r\n6:5o(6+1)7d\r\n7:6o(2+1)8d\r\n8:8d(2+1)9n\r\n9:7o(2+1)10d\r\n10:10d(2+1)11n\r\n11:6o(4+1)12d\r\n12:12d(2+1)13n	SRC:https://www.ludger.com/docs/tables/ludger-n-glycan-nomenclature-table.pdf	Oxford notation	mammalian complex-type, canonical	8b2a49d6-7e7b-45b8-96c1-63abdb47802e	24008a33-1bc7-4443-bcd0-612d8af34f25
A3F1	afucosylated mono-antennary-fucosylated agalactosylated triantennary N-glycan			RES\r\n1b:b-dglc-HEX-1:5\r\n2s:n-acetyl\r\n3b:b-dglc-HEX-1:5\r\n4s:n-acetyl\r\n5b:b-dman-HEX-1:5\r\n6b:a-dman-HEX-1:5\r\n7b:a-dman-HEX-1:5\r\n8b:b-dglc-HEX-1:5\r\n9s:n-acetyl\r\n10b:b-dglc-HEX-1:5\r\n11s:n-acetyl\r\n12b:b-dglc-HEX-1:5\r\n13s:n-acetyl\r\n14b:a-l-fuc-HEX-1:5\r\nLIN\r\n1:1d(2+1)2n\r\n2:1o(4+1)3d\r\n3:3d(2+1)4n\r\n4:3o(4+1)5d\r\n5:5o(3+1)6d\r\n6:5o(6+1)7d\r\n7:6o(2+1)8d\r\n8:8d(2+1)9n\r\n9:7o(2+1)10d\r\n10:10d(2+1)11n\r\n11:6o(4+1)12d\r\n12:12d(2+1)13n\r\n13:8o(3+1)14d	SRC:GLYGEN_CURATORS	Oxford notation	mammalian complex-type, canonical	acf5da02-703e-4d92-a29a-c4557c8901c5	ad7a5ccc-cacf-49aa-8367-de8e6afba337
A3F1G3S2	afucosylated mono-antennary-fucosylated trigalactosylated disialylated triantennary N-glycan	G29454KU		RES\r\n1b:b-dglc-HEX-1:5\r\n2s:n-acetyl\r\n3b:b-dglc-HEX-1:5\r\n4s:n-acetyl\r\n5b:b-dman-HEX-1:5\r\n6b:a-dman-HEX-1:5\r\n7b:a-dman-HEX-1:5\r\n8b:b-dglc-HEX-1:5\r\n9s:n-acetyl\r\n10b:b-dglc-HEX-1:5\r\n11s:n-acetyl\r\n12b:b-dglc-HEX-1:5\r\n13s:n-acetyl\r\n14b:a-l-fuc-HEX-1:5\r\n15b:b-dgal-HEX-1:5\r\n16b:b-dgal-HEX-1:5\r\n17b:b-dgal-HEX-1:5\r\n18b:a-dgro-dgal-NON-2:6\r\n19s:n-acetyl\r\n20b:a-dgro-dgal-NON-2:6\r\n21s:n-acetyl\r\nLIN\r\n1:1d(2+1)2n\r\n2:1o(4+1)3d\r\n3:3d(2+1)4n\r\n4:3o(4+1)5d\r\n5:5o(3+1)6d\r\n6:5o(6+1)7d\r\n7:6o(2+1)8d\r\n8:8d(2+1)9n\r\n9:7o(2+1)10d\r\n10:10d(2+1)11n\r\n11:6o(4+1)12d\r\n12:12d(2+1)13n\r\n13:8o(3+1)14d\r\n14:8o(4+1)15d\r\n15:10o(4+1)16d\r\n16:12o(4+1)17d\r\n17:15o(6+2)18d\r\n18:18d(5+1)19n\r\n19:16o(6+2)20d\r\n20:20d(5+1)21n	SRC:GLYGEN_CURATORS	Oxford notation	mammalian complex-type, canonical	9a676794-3fc8-40f1-95d2-96d33ced58f5	e2ebc547-04aa-4877-9a44-300e6b90012c
A3F1G3S3	afucosylated mono-antennary-fucosylated trigalactosylated trisialylated triantennary N-glycan	G94649DT		RES\r\n1b:b-dglc-HEX-1:5\r\n2s:n-acetyl\r\n3b:b-dglc-HEX-1:5\r\n4s:n-acetyl\r\n5b:b-dman-HEX-1:5\r\n6b:a-dman-HEX-1:5\r\n7b:a-dman-HEX-1:5\r\n8b:b-dglc-HEX-1:5\r\n9s:n-acetyl\r\n10b:b-dglc-HEX-1:5\r\n11s:n-acetyl\r\n12b:b-dglc-HEX-1:5\r\n13s:n-acetyl\r\n14b:a-l-fuc-HEX-1:5\r\n15b:b-dgal-HEX-1:5\r\n16b:b-dgal-HEX-1:5\r\n17b:b-dgal-HEX-1:5\r\n18b:a-dgro-dgal-NON-2:6\r\n19s:n-acetyl\r\n20b:a-dgro-dgal-NON-2:6\r\n21s:n-acetyl\r\n22b:a-dgro-dgal-NON-2:6\r\n23s:n-acetyl\r\nLIN\r\n1:1d(2+1)2n\r\n2:1o(4+1)3d\r\n3:3d(2+1)4n\r\n4:3o(4+1)5d\r\n5:5o(3+1)6d\r\n6:5o(6+1)7d\r\n7:6o(2+1)8d\r\n8:8d(2+1)9n\r\n9:7o(2+1)10d\r\n10:10d(2+1)11n\r\n11:6o(4+1)12d\r\n12:12d(2+1)13n\r\n13:8o(3+1)14d\r\n14:8o(4+1)15d\r\n15:10o(4+1)16d\r\n16:12o(4+1)17d\r\n17:15o(6+2)18d\r\n18:18d(5+1)19n\r\n19:16o(6+2)20d\r\n20:20d(5+1)21n\r\n21:17o(6+2)22d\r\n22:22d(5+1)23n	SRC:GLYGEN_CURATORS	Oxford notation	mammalian complex-type, canonical	4d439e5c-227c-4662-8bb8-5ffd17a09eac	a8e02dbb-ad31-47ab-b980-e1fcc3a22468
A3F2G3S3	afucosylated di-antennary-fucosylated trigalactosylated trisialylated triantennary N-glycan			RES\r\n1b:b-dglc-HEX-1:5\r\n2s:n-acetyl\r\n3b:b-dglc-HEX-1:5\r\n4s:n-acetyl\r\n5b:b-dman-HEX-1:5\r\n6b:a-dman-HEX-1:5\r\n7b:a-dman-HEX-1:5\r\n8b:b-dglc-HEX-1:5\r\n9s:n-acetyl\r\n10b:b-dglc-HEX-1:5\r\n11s:n-acetyl\r\n12b:b-dglc-HEX-1:5\r\n13s:n-acetyl\r\n14b:a-l-fuc-HEX-1:5\r\n15b:a-l-fuc-HEX-1:5\r\n16b:b-dgal-HEX-1:5\r\n17b:b-dgal-HEX-1:5\r\n18b:b-dgal-HEX-1:5\r\n19b:a-dgro-dgal-NON-2:6\r\n20s:n-acetyl\r\n21b:a-dgro-dgal-NON-2:6\r\n22s:n-acetyl\r\n23b:a-dgro-dgal-NON-2:6\r\n24s:n-acetyl\r\nLIN\r\n1:1d(2+1)2n\r\n2:1o(4+1)3d\r\n3:3d(2+1)4n\r\n4:3o(4+1)5d\r\n5:5o(3+1)6d\r\n6:5o(6+1)7d\r\n7:6o(2+1)8d\r\n8:8d(2+1)9n\r\n9:7o(2+1)10d\r\n10:10d(2+1)11n\r\n11:6o(4+1)12d\r\n12:12d(2+1)13n\r\n13:8o(3+1)14d\r\n14:10o(3+1)15d\r\n15:8o(4+1)16d\r\n16:10o(4+1)17d\r\n17:12o(4+1)18d\r\n18:16o(6+2)19d\r\n19:19d(5+1)20n\r\n20:17o(6+2)21d\r\n21:21d(5+1)22n\r\n22:18o(6+2)23d\r\n23:23d(5+1)24n	SRC:GLYGEN_CURATORS	Oxford notation	mammalian complex-type, canonical	e8fa8a19-f73d-4c6b-9f00-ccdb8e29207d	02c90725-91df-4408-a3b8-cf15e88a4855
A3G3	afucosylated trigalactosylated triantennary N-glycan			RES\r\n1b:b-dglc-HEX-1:5\r\n2s:n-acetyl\r\n3b:b-dglc-HEX-1:5\r\n4s:n-acetyl\r\n5b:b-dman-HEX-1:5\r\n6b:a-dman-HEX-1:5\r\n7b:a-dman-HEX-1:5\r\n8b:b-dglc-HEX-1:5\r\n9s:n-acetyl\r\n10b:b-dglc-HEX-1:5\r\n11s:n-acetyl\r\n12b:b-dglc-HEX-1:5\r\n13s:n-acetyl\r\n14b:b-dgal-HEX-1:5\r\n15b:b-dgal-HEX-1:5\r\n16b:b-dgal-HEX-1:5\r\nLIN\r\n1:1d(2+1)2n\r\n2:1o(4+1)3d\r\n3:3d(2+1)4n\r\n4:3o(4+1)5d\r\n5:5o(3+1)6d\r\n6:5o(6+1)7d\r\n7:6o(2+1)8d\r\n8:8d(2+1)9n\r\n9:7o(2+1)10d\r\n10:10d(2+1)11n\r\n11:6o(4+1)12d\r\n12:12d(2+1)13n\r\n13:8o(4+1)14d\r\n14:10o(4+1)15d\r\n15:12o(4+1)16d	SRC:https://www.ludger.com/docs/tables/ludger-n-glycan-nomenclature-table.pdf	Oxford notation	mammalian complex-type, canonical	eee720f8-4b0b-4f14-8333-0cf118cd84b6	1b1768c7-4f7b-418b-9449-e507bcf48611
A3G3S2	afucosylated trigalactosylated disialylated triantennary N-glycan	G46440UD		RES\r\n1b:b-dglc-HEX-1:5\r\n2s:n-acetyl\r\n3b:b-dglc-HEX-1:5\r\n4s:n-acetyl\r\n5b:b-dman-HEX-1:5\r\n6b:a-dman-HEX-1:5\r\n7b:a-dman-HEX-1:5\r\n8b:b-dglc-HEX-1:5\r\n9s:n-acetyl\r\n10b:b-dglc-HEX-1:5\r\n11s:n-acetyl\r\n12b:b-dglc-HEX-1:5\r\n13s:n-acetyl\r\n14b:b-dgal-HEX-1:5\r\n15b:b-dgal-HEX-1:5\r\n16b:b-dgal-HEX-1:5\r\n17b:a-dgro-dgal-NON-2:6\r\n18s:n-acetyl\r\n19b:a-dgro-dgal-NON-2:6\r\n20s:n-acetyl\r\nLIN\r\n1:1d(2+1)2n\r\n2:1o(4+1)3d\r\n3:3d(2+1)4n\r\n4:3o(4+1)5d\r\n5:5o(3+1)6d\r\n6:5o(6+1)7d\r\n7:6o(2+1)8d\r\n8:8d(2+1)9n\r\n9:7o(2+1)10d\r\n10:10d(2+1)11n\r\n11:6o(4+1)12d\r\n12:12d(2+1)13n\r\n13:8o(4+1)14d\r\n14:10o(4+1)15d\r\n15:12o(4+1)16d\r\n16:14o(6+2)17d\r\n17:17d(5+1)18n\r\n18:15o(6+2)19d\r\n19:19d(5+1)20n	SRC:GLYGEN_CURATORS	Oxford notation	mammalian complex-type, canonical	09012562-756c-4994-890b-1699fe74a5f5	04fb9098-18bc-471f-9b64-599fe9daf0d1
A3G3S3	afucosylated trigalactosylated trisialylated triantennary N-glycan	G67579EM		RES\r\n1b:b-dglc-HEX-1:5\r\n2s:n-acetyl\r\n3b:b-dglc-HEX-1:5\r\n4s:n-acetyl\r\n5b:b-dman-HEX-1:5\r\n6b:a-dman-HEX-1:5\r\n7b:a-dman-HEX-1:5\r\n8b:b-dglc-HEX-1:5\r\n9s:n-acetyl\r\n10b:b-dglc-HEX-1:5\r\n11s:n-acetyl\r\n12b:b-dglc-HEX-1:5\r\n13s:n-acetyl\r\n14b:b-dgal-HEX-1:5\r\n15b:b-dgal-HEX-1:5\r\n16b:b-dgal-HEX-1:5\r\n17b:a-dgro-dgal-NON-2:6\r\n18s:n-acetyl\r\n19b:a-dgro-dgal-NON-2:6\r\n20s:n-acetyl\r\n21b:a-dgro-dgal-NON-2:6\r\n22s:n-acetyl\r\nLIN\r\n1:1d(2+1)2n\r\n2:1o(4+1)3d\r\n3:3d(2+1)4n\r\n4:3o(4+1)5d\r\n5:5o(3+1)6d\r\n6:5o(6+1)7d\r\n7:6o(2+1)8d\r\n8:8d(2+1)9n\r\n9:7o(2+1)10d\r\n10:10d(2+1)11n\r\n11:6o(4+1)12d\r\n12:12d(2+1)13n\r\n13:8o(4+1)14d\r\n14:10o(4+1)15d\r\n15:12o(4+1)16d\r\n16:14o(6+2)17d\r\n17:17d(5+1)18n\r\n18:15o(6+2)19d\r\n19:19d(5+1)20n\r\n20:16o(6+2)21d\r\n21:21d(5+1)22n	SRC:https://www.ludger.com/docs/tables/ludger-n-glycan-nomenclature-table.pdf	Oxford notation	mammalian complex-type, canonical	a572974c-d903-4a37-b82d-8ed145e7133c	ba05d598-32ed-4014-8f22-76a94b922be3
A4	afucosylated agalactosylated tetraantennary N-glycan			RES\r\n1b:b-dglc-HEX-1:5\r\n2s:n-acetyl\r\n3b:b-dglc-HEX-1:5\r\n4s:n-acetyl\r\n5b:b-dman-HEX-1:5\r\n6b:a-dman-HEX-1:5\r\n7b:a-dman-HEX-1:5\r\n8b:b-dglc-HEX-1:5\r\n9s:n-acetyl\r\n10b:b-dglc-HEX-1:5\r\n11s:n-acetyl\r\n12b:b-dglc-HEX-1:5\r\n13s:n-acetyl\r\n14b:b-dglc-HEX-1:5\r\n15s:n-acetyl\r\nLIN\r\n1:1d(2+1)2n\r\n2:1o(4+1)3d\r\n3:3d(2+1)4n\r\n4:3o(4+1)5d\r\n5:5o(3+1)6d\r\n6:5o(6+1)7d\r\n7:6o(2+1)8d\r\n8:8d(2+1)9n\r\n9:7o(2+1)10d\r\n10:10d(2+1)11n\r\n11:6o(4+1)12d\r\n12:12d(2+1)13n\r\n13:7o(6+1)14d\r\n14:14d(2+1)15n	SRC:https://www.ludger.com/docs/tables/ludger-n-glycan-nomenclature-table.pdf	Oxford notation	mammalian complex-type, canonical	038ada2e-fed9-474d-ad07-7cbd41a9c2ea	a6c79fbb-c102-48ee-b4e2-675f95111761
A4F1	afucosylated mono-antennary-fucosylated agalactosylated tetraantennary N-glycan			RES\r\n1b:b-dglc-HEX-1:5\r\n2s:n-acetyl\r\n3b:b-dglc-HEX-1:5\r\n4s:n-acetyl\r\n5b:b-dman-HEX-1:5\r\n6b:a-dman-HEX-1:5\r\n7b:a-dman-HEX-1:5\r\n8b:b-dglc-HEX-1:5\r\n9s:n-acetyl\r\n10b:b-dglc-HEX-1:5\r\n11s:n-acetyl\r\n12b:b-dglc-HEX-1:5\r\n13s:n-acetyl\r\n14b:b-dglc-HEX-1:5\r\n15s:n-acetyl\r\n16b:a-l-fuc-HEX-1:5\r\nLIN\r\n1:1d(2+1)2n\r\n2:1o(4+1)3d\r\n3:3d(2+1)4n\r\n4:3o(4+1)5d\r\n5:5o(3+1)6d\r\n6:5o(6+1)7d\r\n7:6o(2+1)8d\r\n8:8d(2+1)9n\r\n9:7o(2+1)10d\r\n10:10d(2+1)11n\r\n11:6o(4+1)12d\r\n12:12d(2+1)13n\r\n13:7o(6+1)14d\r\n14:14d(2+1)15n\r\n15:8o(3+1)16d	SRC:GLYGEN_CURATORS	Oxford notation	mammalian complex-type, canonical	7f7c698f-5497-455f-acae-c7f55cee6d7a	11e60b13-7699-4f78-8e68-590c78475f9e
A4F1G4	afucosylated mono-antennary-fucosylated tetragalactosylated tetraantennary N-glycan			RES\r\n1b:b-dglc-HEX-1:5\r\n2s:n-acetyl\r\n3b:b-dglc-HEX-1:5\r\n4s:n-acetyl\r\n5b:b-dman-HEX-1:5\r\n6b:a-dman-HEX-1:5\r\n7b:a-dman-HEX-1:5\r\n8b:b-dglc-HEX-1:5\r\n9s:n-acetyl\r\n10b:b-dglc-HEX-1:5\r\n11s:n-acetyl\r\n12b:b-dglc-HEX-1:5\r\n13s:n-acetyl\r\n14b:b-dglc-HEX-1:5\r\n15s:n-acetyl\r\n16b:a-l-fuc-HEX-1:5\r\n17b:b-dgal-HEX-1:5\r\n18b:b-dgal-HEX-1:5\r\n19b:b-dgal-HEX-1:5\r\n20b:b-dgal-HEX-1:5\r\nLIN\r\n1:1d(2+1)2n\r\n2:1o(4+1)3d\r\n3:3d(2+1)4n\r\n4:3o(4+1)5d\r\n5:5o(3+1)6d\r\n6:5o(6+1)7d\r\n7:6o(2+1)8d\r\n8:8d(2+1)9n\r\n9:7o(2+1)10d\r\n10:10d(2+1)11n\r\n11:6o(4+1)12d\r\n12:12d(2+1)13n\r\n13:7o(6+1)14d\r\n14:14d(2+1)15n\r\n15:8o(3+1)16d\r\n16:8o(4+1)17d\r\n17:10o(4+1)18d\r\n18:12o(4+1)19d\r\n19:14o(4+1)20d	SRC:GLYGEN_CURATORS	Oxford notation	mammalian complex-type, canonical	3f0e9a39-1e92-4752-9e41-9efb9dd035d9	64872176-271e-4bdd-9f8a-98d06ccefe67
A4F1G4S4	afucosylated mono-antennary-fucosylated tetragalactosylated tetrasialylated tetraantennary N-glycan	G58170TE		RES\r\n1b:b-dglc-HEX-1:5\r\n2s:n-acetyl\r\n3b:b-dglc-HEX-1:5\r\n4s:n-acetyl\r\n5b:b-dman-HEX-1:5\r\n6b:a-dman-HEX-1:5\r\n7b:a-dman-HEX-1:5\r\n8b:b-dglc-HEX-1:5\r\n9s:n-acetyl\r\n10b:b-dglc-HEX-1:5\r\n11s:n-acetyl\r\n12b:b-dglc-HEX-1:5\r\n13s:n-acetyl\r\n14b:b-dglc-HEX-1:5\r\n15s:n-acetyl\r\n16b:a-l-fuc-HEX-1:5\r\n17b:b-dgal-HEX-1:5\r\n18b:b-dgal-HEX-1:5\r\n19b:b-dgal-HEX-1:5\r\n20b:b-dgal-HEX-1:5\r\n21b:a-dgro-dgal-NON-2:6\r\n22s:n-acetyl\r\n23b:a-dgro-dgal-NON-2:6\r\n24s:n-acetyl\r\n25b:a-dgro-dgal-NON-2:6\r\n26s:n-acetyl\r\n27b:a-dgro-dgal-NON-2:6\r\n28s:n-acetyl\r\nLIN\r\n1:1d(2+1)2n\r\n2:1o(4+1)3d\r\n3:3d(2+1)4n\r\n4:3o(4+1)5d\r\n5:5o(3+1)6d\r\n6:5o(6+1)7d\r\n7:6o(2+1)8d\r\n8:8d(2+1)9n\r\n9:7o(2+1)10d\r\n10:10d(2+1)11n\r\n11:6o(4+1)12d\r\n12:12d(2+1)13n\r\n13:7o(6+1)14d\r\n14:14d(2+1)15n\r\n15:8o(3+1)16d\r\n16:8o(4+1)17d\r\n17:10o(4+1)18d\r\n18:12o(4+1)19d\r\n19:14o(4+1)20d\r\n20:17o(6+2)21d\r\n21:21d(5+1)22n\r\n22:18o(6+2)23d\r\n23:23d(5+1)24n\r\n24:19o(6+2)25d\r\n25:25d(5+1)26n\r\n26:20o(6+2)27d\r\n27:27d(5+1)28n	SRC:GLYGEN_CURATORS	Oxford notation	mammalian complex-type, canonical	6bbca09a-452a-4fa9-b34c-38279f52ca91	f62d2b0c-7ac8-454e-b4bb-1e042249db8a
A4G4	afucosylated tetragalactosylated tetraantennary N-glycan			RES\r\n1b:b-dglc-HEX-1:5\r\n2s:n-acetyl\r\n3b:b-dglc-HEX-1:5\r\n4s:n-acetyl\r\n5b:b-dman-HEX-1:5\r\n6b:a-dman-HEX-1:5\r\n7b:a-dman-HEX-1:5\r\n8b:b-dglc-HEX-1:5\r\n9s:n-acetyl\r\n10b:b-dglc-HEX-1:5\r\n11s:n-acetyl\r\n12b:b-dglc-HEX-1:5\r\n13s:n-acetyl\r\n14b:b-dglc-HEX-1:5\r\n15s:n-acetyl\r\n16b:b-dgal-HEX-1:5\r\n17b:b-dgal-HEX-1:5\r\n18b:b-dgal-HEX-1:5\r\n19b:b-dgal-HEX-1:5\r\nLIN\r\n1:1d(2+1)2n\r\n2:1o(4+1)3d\r\n3:3d(2+1)4n\r\n4:3o(4+1)5d\r\n5:5o(3+1)6d\r\n6:5o(6+1)7d\r\n7:6o(2+1)8d\r\n8:8d(2+1)9n\r\n9:7o(2+1)10d\r\n10:10d(2+1)11n\r\n11:6o(4+1)12d\r\n12:12d(2+1)13n\r\n13:7o(6+1)14d\r\n14:14d(2+1)15n\r\n15:8o(4+1)16d\r\n16:10o(4+1)17d\r\n17:12o(4+1)18d\r\n18:14o(4+1)19d	SRC:https://www.ludger.com/docs/tables/ludger-n-glycan-nomenclature-table.pdf	Oxford notation	mammalian complex-type, canonical	46bc0119-d6b8-430c-a1f4-82c95fb8dbac	5632ab48-460f-45d8-b00b-c58ec477bf3a
A4G4S1	afucosylated tetragalactosylated monosialylated tetraantennary N-glycan			RES\r\n1b:b-dglc-HEX-1:5\r\n2s:n-acetyl\r\n3b:b-dglc-HEX-1:5\r\n4s:n-acetyl\r\n5b:b-dman-HEX-1:5\r\n6b:a-dman-HEX-1:5\r\n7b:a-dman-HEX-1:5\r\n8b:b-dglc-HEX-1:5\r\n9s:n-acetyl\r\n10b:b-dglc-HEX-1:5\r\n11s:n-acetyl\r\n12b:b-dglc-HEX-1:5\r\n13s:n-acetyl\r\n14b:b-dglc-HEX-1:5\r\n15s:n-acetyl\r\n16b:b-dgal-HEX-1:5\r\n17b:b-dgal-HEX-1:5\r\n18b:b-dgal-HEX-1:5\r\n19b:b-dgal-HEX-1:5\r\n20b:a-dgro-dgal-NON-2:6\r\n21s:n-acetyl\r\nLIN\r\n1:1d(2+1)2n\r\n2:1o(4+1)3d\r\n3:3d(2+1)4n\r\n4:3o(4+1)5d\r\n5:5o(3+1)6d\r\n6:5o(6+1)7d\r\n7:6o(2+1)8d\r\n8:8d(2+1)9n\r\n9:7o(2+1)10d\r\n10:10d(2+1)11n\r\n11:6o(4+1)12d\r\n12:12d(2+1)13n\r\n13:7o(6+1)14d\r\n14:14d(2+1)15n\r\n15:8o(4+1)16d\r\n16:10o(4+1)17d\r\n17:12o(4+1)18d\r\n18:14o(4+1)19d\r\n19:16o(6+2)20d\r\n20:20d(5+1)21n	SRC:GLYGEN_CURATORS	Oxford notation	mammalian complex-type, canonical	05af8e56-3b80-4f58-878e-1c02ac445d83	e0bf6ce1-10dd-42cc-a635-2b77e8d0c469
A4G4S2	afucosylated tetragalactosylated disialylated tetraantennary N-glycan			RES\r\n1b:b-dglc-HEX-1:5\r\n2s:n-acetyl\r\n3b:b-dglc-HEX-1:5\r\n4s:n-acetyl\r\n5b:b-dman-HEX-1:5\r\n6b:a-dman-HEX-1:5\r\n7b:a-dman-HEX-1:5\r\n8b:b-dglc-HEX-1:5\r\n9s:n-acetyl\r\n10b:b-dglc-HEX-1:5\r\n11s:n-acetyl\r\n12b:b-dglc-HEX-1:5\r\n13s:n-acetyl\r\n14b:b-dglc-HEX-1:5\r\n15s:n-acetyl\r\n16b:b-dgal-HEX-1:5\r\n17b:b-dgal-HEX-1:5\r\n18b:b-dgal-HEX-1:5\r\n19b:b-dgal-HEX-1:5\r\n20b:a-dgro-dgal-NON-2:6\r\n21s:n-acetyl\r\n22b:a-dgro-dgal-NON-2:6\r\n23s:n-acetyl\r\nLIN\r\n1:1d(2+1)2n\r\n2:1o(4+1)3d\r\n3:3d(2+1)4n\r\n4:3o(4+1)5d\r\n5:5o(3+1)6d\r\n6:5o(6+1)7d\r\n7:6o(2+1)8d\r\n8:8d(2+1)9n\r\n9:7o(2+1)10d\r\n10:10d(2+1)11n\r\n11:6o(4+1)12d\r\n12:12d(2+1)13n\r\n13:7o(6+1)14d\r\n14:14d(2+1)15n\r\n15:8o(4+1)16d\r\n16:10o(4+1)17d\r\n17:12o(4+1)18d\r\n18:14o(4+1)19d\r\n19:16o(6+2)20d\r\n20:20d(5+1)21n\r\n21:17o(6+2)22d\r\n22:22d(5+1)23n	SRC:GLYGEN_CURATORS	Oxford notation	mammalian complex-type, canonical	94aede7b-f6e7-4347-abc1-b5e43a754c77	db94377d-caf0-4c5d-95b2-c7f2bc33928e
A4G4S3	afucosylated tetragalactosylated trisialylated tetraantennary N-glycan	G12638YK		RES\r\n1b:b-dglc-HEX-1:5\r\n2s:n-acetyl\r\n3b:b-dglc-HEX-1:5\r\n4s:n-acetyl\r\n5b:b-dman-HEX-1:5\r\n6b:a-dman-HEX-1:5\r\n7b:a-dman-HEX-1:5\r\n8b:b-dglc-HEX-1:5\r\n9s:n-acetyl\r\n10b:b-dglc-HEX-1:5\r\n11s:n-acetyl\r\n12b:b-dglc-HEX-1:5\r\n13s:n-acetyl\r\n14b:b-dglc-HEX-1:5\r\n15s:n-acetyl\r\n16b:b-dgal-HEX-1:5\r\n17b:b-dgal-HEX-1:5\r\n18b:b-dgal-HEX-1:5\r\n19b:b-dgal-HEX-1:5\r\n20b:a-dgro-dgal-NON-2:6\r\n21s:n-acetyl\r\n22b:a-dgro-dgal-NON-2:6\r\n23s:n-acetyl\r\n24b:a-dgro-dgal-NON-2:6\r\n25s:n-acetyl\r\nLIN\r\n1:1d(2+1)2n\r\n2:1o(4+1)3d\r\n3:3d(2+1)4n\r\n4:3o(4+1)5d\r\n5:5o(3+1)6d\r\n6:5o(6+1)7d\r\n7:6o(2+1)8d\r\n8:8d(2+1)9n\r\n9:7o(2+1)10d\r\n10:10d(2+1)11n\r\n11:6o(4+1)12d\r\n12:12d(2+1)13n\r\n13:7o(6+1)14d\r\n14:14d(2+1)15n\r\n15:8o(4+1)16d\r\n16:10o(4+1)17d\r\n17:12o(4+1)18d\r\n18:14o(4+1)19d\r\n19:16o(6+2)20d\r\n20:20d(5+1)21n\r\n21:17o(6+2)22d\r\n22:22d(5+1)23n\r\n23:18o(6+2)24d\r\n24:24d(5+1)25n	SRC:GLYGEN_CURATORS	Oxford notation	mammalian complex-type, canonical	160acd22-9d2b-4267-9670-712c8490e7e1	5dd1ba92-5c52-47a2-9407-0138ae780bef
A4G4S4	afucosylated tetragalactosylated tetrasialylated tetraantennary N-glycan	G16933RK		RES\r\n1b:b-dglc-HEX-1:5\r\n2s:n-acetyl\r\n3b:b-dglc-HEX-1:5\r\n4s:n-acetyl\r\n5b:b-dman-HEX-1:5\r\n6b:a-dman-HEX-1:5\r\n7b:a-dman-HEX-1:5\r\n8b:b-dglc-HEX-1:5\r\n9s:n-acetyl\r\n10b:b-dglc-HEX-1:5\r\n11s:n-acetyl\r\n12b:b-dglc-HEX-1:5\r\n13s:n-acetyl\r\n14b:b-dglc-HEX-1:5\r\n15s:n-acetyl\r\n16b:b-dgal-HEX-1:5\r\n17b:b-dgal-HEX-1:5\r\n18b:b-dgal-HEX-1:5\r\n19b:b-dgal-HEX-1:5\r\n20b:a-dgro-dgal-NON-2:6\r\n21s:n-acetyl\r\n22b:a-dgro-dgal-NON-2:6\r\n23s:n-acetyl\r\n24b:a-dgro-dgal-NON-2:6\r\n25s:n-acetyl\r\n26b:a-dgro-dgal-NON-2:6\r\n27s:n-acetyl\r\nLIN\r\n1:1d(2+1)2n\r\n2:1o(4+1)3d\r\n3:3d(2+1)4n\r\n4:3o(4+1)5d\r\n5:5o(3+1)6d\r\n6:5o(6+1)7d\r\n7:6o(2+1)8d\r\n8:8d(2+1)9n\r\n9:7o(2+1)10d\r\n10:10d(2+1)11n\r\n11:6o(4+1)12d\r\n12:12d(2+1)13n\r\n13:7o(6+1)14d\r\n14:14d(2+1)15n\r\n15:8o(4+1)16d\r\n16:10o(4+1)17d\r\n17:12o(4+1)18d\r\n18:14o(4+1)19d\r\n19:16o(6+2)20d\r\n20:20d(5+1)21n\r\n21:17o(6+2)22d\r\n22:22d(5+1)23n\r\n23:18o(6+2)24d\r\n24:24d(5+1)25n\r\n25:19o(6+2)26d\r\n26:26d(5+1)27n	SRC:GLYGEN_CURATORS	Oxford notation	mammalian complex-type, canonical	a5cd0381-387e-4693-8faf-39d261b18e3f	145f70c5-665b-4825-85e2-c823c0bfc8c4
FA1	core-fucosylated agalactosylated monantennary N-glycan	G95184RD		RES\r\n1b:b-dglc-HEX-1:5\r\n2s:n-acetyl\r\n3b:b-dglc-HEX-1:5\r\n4s:n-acetyl\r\n5b:b-dman-HEX-1:5\r\n6b:a-dman-HEX-1:5\r\n7b:a-dman-HEX-1:5\r\n8b:a-l-fuc-HEX-1:5\r\n9b:b-dglc-HEX-1:5\r\n10s:n-acetyl\r\nLIN\r\n1:1d(2+1)2n\r\n2:1o(4+1)3d\r\n3:3d(2+1)4n\r\n4:3o(4+1)5d\r\n5:5o(3+1)6d\r\n6:5o(6+1)7d\r\n7:1o(6+1)8d\r\n8:6o(2+1)9d\r\n9:9d(2+1)10n	SRC:GLYGEN_CURATORS	Oxford notation	mammalian complex-type, canonical	1463378a-685e-4580-bada-bf5110f7f80a	61e25c70-3a27-49e3-ae63-64cd0b899612
FA1G1	core-fucosylated monogalactosylated monantennary N-glycan			RES\r\n1b:b-dglc-HEX-1:5\r\n2s:n-acetyl\r\n3b:b-dglc-HEX-1:5\r\n4s:n-acetyl\r\n5b:b-dman-HEX-1:5\r\n6b:a-dman-HEX-1:5\r\n7b:a-dman-HEX-1:5\r\n8b:a-l-fuc-HEX-1:5\r\n9b:b-dglc-HEX-1:5\r\n10s:n-acetyl\r\n11b:b-dgal-HEX-1:5\r\nLIN\r\n1:1d(2+1)2n\r\n2:1o(4+1)3d\r\n3:3d(2+1)4n\r\n4:3o(4+1)5d\r\n5:5o(3+1)6d\r\n6:5o(6+1)7d\r\n7:1o(6+1)8d\r\n8:6o(2+1)9d\r\n9:9d(2+1)10n\r\n10:9o(4+1)11d	SRC:GLYGEN_CURATORS	Oxford notation	mammalian complex-type, canonical	9c5f7f2b-a42a-46c4-a5fb-5f30aa680700	b72f0579-7fe5-4c0c-928a-f7460ba2b525
FA2	core-fucosylated agalactosylated biantennary N-glycan	G62110XZ		RES\r\n1b:b-dglc-HEX-1:5\r\n2s:n-acetyl\r\n3b:b-dglc-HEX-1:5\r\n4s:n-acetyl\r\n5b:b-dman-HEX-1:5\r\n6b:a-dman-HEX-1:5\r\n7b:a-dman-HEX-1:5\r\n8b:a-l-fuc-HEX-1:5\r\n9b:b-dglc-HEX-1:5\r\n10s:n-acetyl\r\n11b:b-dglc-HEX-1:5\r\n12s:n-acetyl\r\n13b:b-dgal-HEX-1:5\r\n14b:b-dgal-HEX-1:5\r\nLIN\r\n1:1d(2+1)2n\r\n2:1o(4+1)3d\r\n3:3d(2+1)4n\r\n4:3o(4+1)5d\r\n5:5o(3+1)6d\r\n6:5o(6+1)7d\r\n7:1o(6+1)8d\r\n8:6o(2+1)9d\r\n9:9d(2+1)10n\r\n10:7o(2+1)11d\r\n11:11d(2+1)12n\r\n12:9o(4+1)13d\r\n13:11o(4+1)14d	SRC:https://www.ludger.com/docs/tables/ludger-n-glycan-nomenclature-table.pdf	Oxford notation	mammalian complex-type, canonical	aeebc5be-14f5-4c03-b61f-a2936330a37e	248777b1-af66-4193-a66f-70c6d6458f08
FA2[3]BG1	core-fucosylated bisected 3-arm monogalactosylated biantennary N-glycan	G50303DJ		RES\r\n1b:b-dglc-HEX-1:5\r\n2s:n-acetyl\r\n3b:b-dglc-HEX-1:5\r\n4s:n-acetyl\r\n5b:b-dman-HEX-1:5\r\n6b:a-dman-HEX-1:5\r\n7b:a-dman-HEX-1:5\r\n8b:a-l-fuc-HEX-1:5\r\n9b:b-dglc-HEX-1:5\r\n10s:n-acetyl\r\n11b:b-dglc-HEX-1:5\r\n12s:n-acetyl\r\n13b:b-dgal-HEX-1:5\r\n14b:b-dglc-HEX-1:5\r\n15s:n-acetyl\r\nLIN\r\n1:1d(2+1)2n\r\n2:1o(4+1)3d\r\n3:3d(2+1)4n\r\n4:3o(4+1)5d\r\n5:5o(3+1)6d\r\n6:5o(6+1)7d\r\n7:1o(6+1)8d\r\n8:6o(2+1)9d\r\n9:9d(2+1)10n\r\n10:7o(2+1)11d\r\n11:11d(2+1)12n\r\n12:9o(4+1)13d\r\n13:5o(4+1)14d\r\n14:14d(2+1)15n	SRC:GLYGEN_CURATORS	Oxford notation	mammalian complex-type, canonical	32681f4f-b6e5-481b-b210-a244a5c73378	bc7c0b4e-187d-4de0-b229-065b387c6422
FA2[3]G1	core-fucosylated 3-arm monogalactosylated biantennary N-glycan	G60878GV		RES\r\n1b:b-dglc-HEX-1:5\r\n2s:n-acetyl\r\n3b:b-dglc-HEX-1:5\r\n4s:n-acetyl\r\n5b:b-dman-HEX-1:5\r\n6b:a-dman-HEX-1:5\r\n7b:a-dman-HEX-1:5\r\n8b:a-l-fuc-HEX-1:5\r\n9b:b-dglc-HEX-1:5\r\n10s:n-acetyl\r\n11b:b-dglc-HEX-1:5\r\n12s:n-acetyl\r\n13b:b-dgal-HEX-1:5\r\nLIN\r\n1:1d(2+1)2n\r\n2:1o(4+1)3d\r\n3:3d(2+1)4n\r\n4:3o(4+1)5d\r\n5:5o(3+1)6d\r\n6:5o(6+1)7d\r\n7:1o(6+1)8d\r\n8:6o(2+1)9d\r\n9:9d(2+1)10n\r\n10:7o(2+1)11d\r\n11:11d(2+1)12n\r\n12:9o(4+1)13d	SRC:https://www.ludger.com/docs/tables/ludger-n-glycan-nomenclature-table.pdf	Oxford notation	mammalian complex-type, canonical	adef3db2-d128-42a0-86af-2fe9fdaa6719	02c86e52-ed72-4b87-b383-a55ae3a25cd3
FA2[3]G1S1	core-fucosylated 3-arm monogalactosylated monosialylated biantennary N-glycan	G02849EL		RES\r\n1b:b-dglc-HEX-1:5\r\n2s:n-acetyl\r\n3b:b-dglc-HEX-1:5\r\n4s:n-acetyl\r\n5b:b-dman-HEX-1:5\r\n6b:a-dman-HEX-1:5\r\n7b:a-dman-HEX-1:5\r\n8b:a-l-fuc-HEX-1:5\r\n9b:b-dglc-HEX-1:5\r\n10s:n-acetyl\r\n11b:b-dglc-HEX-1:5\r\n12s:n-acetyl\r\n13b:b-dgal-HEX-1:5\r\n14b:a-dgro-dgal-NON-2:6\r\n15s:n-acetyl\r\nLIN\r\n1:1d(2+1)2n\r\n2:1o(4+1)3d\r\n3:3d(2+1)4n\r\n4:3o(4+1)5d\r\n5:5o(3+1)6d\r\n6:5o(6+1)7d\r\n7:1o(6+1)8d\r\n8:6o(2+1)9d\r\n9:9d(2+1)10n\r\n10:7o(2+1)11d\r\n11:11d(2+1)12n\r\n12:9o(4+1)13d\r\n13:13o(6+2)14d\r\n14:14d(5+1)15n	SRC:GLYGEN_CURATORS	Oxford notation	mammalian complex-type, canonical	cd4a7669-b13d-4938-81ca-5dc9bcc7a57f	ca6fdbd6-075a-4b25-b65e-d0fcaf8f9aff
FA2[6]BG1	core-fucosylated bisected 6-arm monogalactosylated biantennary N-glycan	G50303DJ		RES\r\n1b:b-dglc-HEX-1:5\r\n2s:n-acetyl\r\n3b:b-dglc-HEX-1:5\r\n4s:n-acetyl\r\n5b:b-dman-HEX-1:5\r\n6b:a-dman-HEX-1:5\r\n7b:a-dman-HEX-1:5\r\n8b:a-l-fuc-HEX-1:5\r\n9b:b-dglc-HEX-1:5\r\n10s:n-acetyl\r\n11b:b-dglc-HEX-1:5\r\n12s:n-acetyl\r\n13b:b-dgal-HEX-1:5\r\n14b:b-dglc-HEX-1:5\r\n15s:n-acetyl\r\nLIN\r\n1:1d(2+1)2n\r\n2:1o(4+1)3d\r\n3:3d(2+1)4n\r\n4:3o(4+1)5d\r\n5:5o(3+1)6d\r\n6:5o(6+1)7d\r\n7:1o(6+1)8d\r\n8:6o(2+1)9d\r\n9:9d(2+1)10n\r\n10:7o(2+1)11d\r\n11:11d(2+1)12n\r\n12:11o(4+1)13d\r\n13:5o(4+1)14d\r\n14:14d(2+1)15n	SRC:GLYGEN_CURATORS	Oxford notation	mammalian complex-type, canonical	cc1bd28d-2cda-4819-9902-ded2eb2bf47d	7f875d52-2cc8-4de6-8a39-ad2c73d83469
FA2[6]G1	core-fucosylated 6-arm monogalactosylated biantennary N-glycan	G60878GV		RES\r\n1b:b-dglc-HEX-1:5\r\n2s:n-acetyl\r\n3b:b-dglc-HEX-1:5\r\n4s:n-acetyl\r\n5b:b-dman-HEX-1:5\r\n6b:a-dman-HEX-1:5\r\n7b:a-dman-HEX-1:5\r\n8b:a-l-fuc-HEX-1:5\r\n9b:b-dglc-HEX-1:5\r\n10s:n-acetyl\r\n11b:b-dglc-HEX-1:5\r\n12s:n-acetyl\r\n13b:b-dgal-HEX-1:5\r\nLIN\r\n1:1d(2+1)2n\r\n2:1o(4+1)3d\r\n3:3d(2+1)4n\r\n4:3o(4+1)5d\r\n5:5o(3+1)6d\r\n6:5o(6+1)7d\r\n7:1o(6+1)8d\r\n8:6o(2+1)9d\r\n9:9d(2+1)10n\r\n10:7o(2+1)11d\r\n11:11d(2+1)12n\r\n12:11o(4+1)13d	SRC:https://www.ludger.com/docs/tables/ludger-n-glycan-nomenclature-table.pdf	Oxford notation	mammalian complex-type, canonical	165e2c8c-4213-4d96-a40e-1fa770c78410	46fd8a2a-2466-4889-a6e4-5a3198f3225a
FA2B	core-fucosylated bisected agalactosylated biantennary N-glycan	G94649QB		RES\r\n1b:b-dglc-HEX-1:5\r\n2s:n-acetyl\r\n3b:b-dglc-HEX-1:5\r\n4s:n-acetyl\r\n5b:b-dman-HEX-1:5\r\n6b:a-dman-HEX-1:5\r\n7b:a-dman-HEX-1:5\r\n8b:a-l-fuc-HEX-1:5\r\n9b:b-dglc-HEX-1:5\r\n10s:n-acetyl\r\n11b:b-dglc-HEX-1:5\r\n12s:n-acetyl\r\n13b:b-dglc-HEX-1:5\r\n14s:n-acetyl\r\nLIN\r\n1:1d(2+1)2n\r\n2:1o(4+1)3d\r\n3:3d(2+1)4n\r\n4:3o(4+1)5d\r\n5:5o(3+1)6d\r\n6:5o(6+1)7d\r\n7:1o(6+1)8d\r\n8:6o(2+1)9d\r\n9:9d(2+1)10n\r\n10:7o(2+1)11d\r\n11:11d(2+1)12n\r\n12:5o(4+1)13d\r\n13:13d(2+1)14n	SRC:GLYGEN_CURATORS	Oxford notation	mammalian complex-type, canonical	0f6dff69-e331-4e34-9d72-7bbb67a604b5	c728f96c-38a7-48ff-9dde-60534cb66956
FA2BG2	core-fucosylated bisected digalactosylated biantennary N-glycan	G20343BM		RES\r\n1b:b-dglc-HEX-1:5\r\n2s:n-acetyl\r\n3b:b-dglc-HEX-1:5\r\n4s:n-acetyl\r\n5b:b-dman-HEX-1:5\r\n6b:a-dman-HEX-1:5\r\n7b:a-dman-HEX-1:5\r\n8b:a-l-fuc-HEX-1:5\r\n9b:b-dglc-HEX-1:5\r\n10s:n-acetyl\r\n11b:b-dglc-HEX-1:5\r\n12s:n-acetyl\r\n13b:b-dglc-HEX-1:5\r\n14s:n-acetyl\r\n15b:b-dgal-HEX-1:5\r\n16b:b-dgal-HEX-1:5\r\nLIN\r\n1:1d(2+1)2n\r\n2:1o(4+1)3d\r\n3:3d(2+1)4n\r\n4:3o(4+1)5d\r\n5:5o(3+1)6d\r\n6:5o(6+1)7d\r\n7:1o(6+1)8d\r\n8:6o(2+1)9d\r\n9:9d(2+1)10n\r\n10:7o(2+1)11d\r\n11:11d(2+1)12n\r\n12:5o(4+1)13d\r\n13:13d(2+1)14n\r\n14:9o(4+1)15d\r\n15:11o(4+1)16d	SRC:GLYGEN_CURATORS	Oxford notation	mammalian complex-type, canonical	641038a1-7fd3-4b65-9ace-1d4fc9e650eb	5c3f887c-1936-4b8b-acb0-900fdbd6add7
FA2BG2S1	core-fucosylated bisected digalactosylated monosialylated biantennary N-glycan	G34520RB		RES\r\n1b:b-dglc-HEX-1:5\r\n2s:n-acetyl\r\n3b:b-dglc-HEX-1:5\r\n4s:n-acetyl\r\n5b:b-dman-HEX-1:5\r\n6b:a-dman-HEX-1:5\r\n7b:a-dman-HEX-1:5\r\n8b:a-l-fuc-HEX-1:5\r\n9b:b-dglc-HEX-1:5\r\n10s:n-acetyl\r\n11b:b-dglc-HEX-1:5\r\n12s:n-acetyl\r\n13b:b-dglc-HEX-1:5\r\n14s:n-acetyl\r\n15b:b-dgal-HEX-1:5\r\n16b:b-dgal-HEX-1:5\r\n17b:a-dgro-dgal-NON-2:6\r\n18s:n-acetyl\r\nLIN\r\n1:1d(2+1)2n\r\n2:1o(4+1)3d\r\n3:3d(2+1)4n\r\n4:3o(4+1)5d\r\n5:5o(3+1)6d\r\n6:5o(6+1)7d\r\n7:1o(6+1)8d\r\n8:6o(2+1)9d\r\n9:9d(2+1)10n\r\n10:7o(2+1)11d\r\n11:11d(2+1)12n\r\n12:5o(4+1)13d\r\n13:13d(2+1)14n\r\n14:9o(4+1)15d\r\n15:11o(4+1)16d\r\n16:15o(6+2)17d\r\n17:17d(5+1)18n	SRC:GLYGEN_CURATORS	Oxford notation	mammalian complex-type, canonical	af920d36-243b-4016-834e-deec53c77d1e	5f945288-4d6b-4d58-9739-26a14e72b801
FA2BG2S2	core-fucosylated bisected digalactosylated disialylated biantennary N-glycan	G75079FY		RES\r\n1b:b-dglc-HEX-1:5\r\n2s:n-acetyl\r\n3b:b-dglc-HEX-1:5\r\n4s:n-acetyl\r\n5b:b-dman-HEX-1:5\r\n6b:a-dman-HEX-1:5\r\n7b:a-dman-HEX-1:5\r\n8b:a-l-fuc-HEX-1:5\r\n9b:b-dglc-HEX-1:5\r\n10s:n-acetyl\r\n11b:b-dglc-HEX-1:5\r\n12s:n-acetyl\r\n13b:b-dglc-HEX-1:5\r\n14s:n-acetyl\r\n15b:b-dgal-HEX-1:5\r\n16b:b-dgal-HEX-1:5\r\n17b:a-dgro-dgal-NON-2:6\r\n18s:n-acetyl\r\n19b:a-dgro-dgal-NON-2:6\r\n20s:n-acetyl\r\nLIN\r\n1:1d(2+1)2n\r\n2:1o(4+1)3d\r\n3:3d(2+1)4n\r\n4:3o(4+1)5d\r\n5:5o(3+1)6d\r\n6:5o(6+1)7d\r\n7:1o(6+1)8d\r\n8:6o(2+1)9d\r\n9:9d(2+1)10n\r\n10:7o(2+1)11d\r\n11:11d(2+1)12n\r\n12:5o(4+1)13d\r\n13:13d(2+1)14n\r\n14:9o(4+1)15d\r\n15:11o(4+1)16d\r\n16:15o(6+2)17d\r\n17:17d(5+1)18n\r\n18:16o(6+2)19d\r\n19:19d(5+1)20n	SRC:GLYGEN_CURATORS	Oxford notation	mammalian complex-type, canonical	1fda2059-3956-45c5-8d62-9af6d225be60	2c3b8bf7-903b-4dfd-a976-650679a45e15
FA2F1G2S2	core-fucosylated mono-antennary-fucosylated digalactosylated disialylated biantennary N-glycan			RES\r\n1b:b-dglc-HEX-1:5\r\n2s:n-acetyl\r\n3b:b-dglc-HEX-1:5\r\n4s:n-acetyl\r\n5b:b-dman-HEX-1:5\r\n6b:a-dman-HEX-1:5\r\n7b:a-dman-HEX-1:5\r\n8b:a-l-fuc-HEX-1:5\r\n9b:b-dglc-HEX-1:5\r\n10s:n-acetyl\r\n11b:b-dglc-HEX-1:5\r\n12s:n-acetyl\r\n13b:b-dgal-HEX-1:5\r\n14b:b-dgal-HEX-1:5\r\n15b:a-dgro-dgal-NON-2:6\r\n16s:n-acetyl\r\n17b:a-dgro-dgal-NON-2:6\r\n18s:n-acetyl\r\n19b:a-l-fuc-HEX-1:5\r\nLIN\r\n1:1d(2+1)2n\r\n2:1o(4+1)3d\r\n3:3d(2+1)4n\r\n4:3o(4+1)5d\r\n5:5o(3+1)6d\r\n6:5o(6+1)7d\r\n7:1o(6+1)8d\r\n8:6o(2+1)9d\r\n9:9d(2+1)10n\r\n10:7o(2+1)11d\r\n11:11d(2+1)12n\r\n12:9o(4+1)13d\r\n13:10o(4+1)14d\r\n14:13o(6+2)15d\r\n15:15d(5+1)16n\r\n16:14o(6+2)17d\r\n17:17d(5+1)18n\r\n18:9o(3+1)19d	SRC:GLYGEN_CURATORS	Oxford notation	mammalian complex-type, canonical	fb845bf6-917c-4d4f-8176-b66eaa9b31a8	bd308e16-d0c8-4a4f-a145-4a45235bb8f8
FA2G1	core-fucosylated monogalactosylated biantennary N-glycan			RES\r\n1b:b-dglc-HEX-1:5\r\n2s:n-acetyl\r\n3b:b-dglc-HEX-1:5\r\n4s:n-acetyl\r\n5b:b-dman-HEX-1:5\r\n6b:a-dman-HEX-1:5\r\n7b:a-dman-HEX-1:5\r\n8b:a-l-fuc-HEX-1:5\r\n9b:b-dglc-HEX-1:5\r\n10s:n-acetyl\r\n11b:b-dglc-HEX-1:5\r\n12s:n-acetyl\r\n13b:b-dgal-HEX-1:5\r\nLIN\r\n1:1d(2+1)2n\r\n2:1o(4+1)3d\r\n3:3d(2+1)4n\r\n4:3o(4+1)5d\r\n5:5o(3+1)6d\r\n6:5o(6+1)7d\r\n7:1o(6+1)8d\r\n8:6o(2+1)9d\r\n9:9d(2+1)10n\r\n10:7o(2+1)11d\r\n11:11d(2+1)12n\r\n12:9o(4+1)13d	SRC:GLYGEN_CURATORS	Oxford notation	mammalian complex-type, canonical	4263014e-957d-44f1-b733-12302704fc09	009299d6-5548-4170-b29b-7fad04a74b11
FA2G1S1	core-fucosylated monogalactosylated monosialylated biantennary N-glycan	G02849EL		RES\r\n1b:b-dglc-HEX-1:5\r\n2s:n-acetyl\r\n3b:b-dglc-HEX-1:5\r\n4s:n-acetyl\r\n5b:b-dman-HEX-1:5\r\n6b:a-dman-HEX-1:5\r\n7b:a-dman-HEX-1:5\r\n8b:a-l-fuc-HEX-1:5\r\n9b:b-dglc-HEX-1:5\r\n10s:n-acetyl\r\n11b:b-dglc-HEX-1:5\r\n12s:n-acetyl\r\n13b:b-dgal-HEX-1:5\r\n14b:a-dgro-dgal-NON-2:6\r\n15s:n-acetyl\r\nLIN\r\n1:1d(2+1)2n\r\n2:1o(4+1)3d\r\n3:3d(2+1)4n\r\n4:3o(4+1)5d\r\n5:5o(3+1)6d\r\n6:5o(6+1)7d\r\n7:1o(6+1)8d\r\n8:6o(2+1)9d\r\n9:9d(2+1)10n\r\n10:7o(2+1)11d\r\n11:11d(2+1)12n\r\n12:9o(4+1)13d\r\n13:13o(6+2)14d\r\n14:14d(5+1)15n	SRC:GLYGEN_CURATORS	Oxford notation	mammalian complex-type, canonical	5d225294-62f8-4d1e-a112-d8a1192c29ab	e11f1896-5863-4748-9044-b0bdea5bf311
FA2G2	core-fucosylated digalactosylated biantennary N-glycan	G52069SB		RES\r\n1b:b-dglc-HEX-1:5\r\n2s:n-acetyl\r\n3b:b-dglc-HEX-1:5\r\n4s:n-acetyl\r\n5b:b-dman-HEX-1:5\r\n6b:a-dman-HEX-1:5\r\n7b:a-dman-HEX-1:5\r\n8b:a-l-fuc-HEX-1:5\r\n9b:b-dglc-HEX-1:5\r\n10s:n-acetyl\r\n11b:b-dglc-HEX-1:5\r\n12s:n-acetyl\r\n13b:b-dgal-HEX-1:5\r\n14b:b-dgal-HEX-1:5\r\nLIN\r\n1:1d(2+1)2n\r\n2:1o(4+1)3d\r\n3:3d(2+1)4n\r\n4:3o(4+1)5d\r\n5:5o(3+1)6d\r\n6:5o(6+1)7d\r\n7:1o(6+1)8d\r\n8:6o(2+1)9d\r\n9:9d(2+1)10n\r\n10:7o(2+1)11d\r\n11:11d(2+1)12n\r\n12:9o(4+1)13d\r\n13:11o(4+1)14d	SRC:https://www.ludger.com/docs/tables/ludger-n-glycan-nomenclature-table.pdf	Oxford notation	mammalian complex-type, canonical	7bf91264-a639-48f4-a992-f1ad65f6d1e5	0e4fda99-6c3f-4076-84a5-ba0cf13bd61f
FA2G2S1	core-fucosylated digalactosylated monosialylated biantennary N-glycan	G95602TE		RES\r\n1b:b-dglc-HEX-1:5\r\n2s:n-acetyl\r\n3b:b-dglc-HEX-1:5\r\n4s:n-acetyl\r\n5b:b-dman-HEX-1:5\r\n6b:a-dman-HEX-1:5\r\n7b:a-dman-HEX-1:5\r\n8b:a-l-fuc-HEX-1:5\r\n9b:b-dglc-HEX-1:5\r\n10s:n-acetyl\r\n11b:b-dglc-HEX-1:5\r\n12s:n-acetyl\r\n13b:b-dgal-HEX-1:5\r\n14b:b-dgal-HEX-1:5\r\n15b:a-dgro-dgal-NON-2:6\r\n16s:n-acetyl\r\nLIN\r\n1:1d(2+1)2n\r\n2:1o(4+1)3d\r\n3:3d(2+1)4n\r\n4:3o(4+1)5d\r\n5:5o(3+1)6d\r\n6:5o(6+1)7d\r\n7:1o(6+1)8d\r\n8:6o(2+1)9d\r\n9:9d(2+1)10n\r\n10:7o(2+1)11d\r\n11:11d(2+1)12n\r\n12:9o(4+1)13d\r\n13:11o(4+1)14d\r\n14:13o(6+2)15d\r\n15:15d(5+1)16n	SRC:https://www.ludger.com/docs/tables/ludger-n-glycan-nomenclature-table.pdf	Oxford notation	mammalian complex-type, canonical	2e04d1a2-3da5-458f-8573-39514b94b7b7	bc569f0f-aefd-46b6-80ed-99a5beef58d8
FA2G2S2	core-fucosylated digalactosylated disialylated biantennary N-glycan	G53916LT		RES\r\n1b:b-dglc-HEX-1:5\r\n2s:n-acetyl\r\n3b:b-dglc-HEX-1:5\r\n4s:n-acetyl\r\n5b:b-dman-HEX-1:5\r\n6b:a-dman-HEX-1:5\r\n7b:a-dman-HEX-1:5\r\n8b:a-l-fuc-HEX-1:5\r\n9b:b-dglc-HEX-1:5\r\n10s:n-acetyl\r\n11b:b-dglc-HEX-1:5\r\n12s:n-acetyl\r\n13b:b-dgal-HEX-1:5\r\n14b:b-dgal-HEX-1:5\r\n15b:a-dgro-dgal-NON-2:6\r\n16s:n-acetyl\r\n17b:a-dgro-dgal-NON-2:6\r\n18s:n-acetyl\r\nLIN\r\n1:1d(2+1)2n\r\n2:1o(4+1)3d\r\n3:3d(2+1)4n\r\n4:3o(4+1)5d\r\n5:5o(3+1)6d\r\n6:5o(6+1)7d\r\n7:1o(6+1)8d\r\n8:6o(2+1)9d\r\n9:9d(2+1)10n\r\n10:7o(2+1)11d\r\n11:11d(2+1)12n\r\n12:9o(4+1)13d\r\n13:11o(4+1)14d\r\n14:13o(6+2)15d\r\n15:15d(5+1)16n\r\n16:14o(6+2)17d\r\n17:17d(5+1)18n	SRC:https://www.ludger.com/docs/tables/ludger-n-glycan-nomenclature-table.pdf	Oxford notation	mammalian complex-type, canonical	54235f94-c902-44d0-994d-9235d7dc6fb7	c5f10e83-a0a9-45e2-9d1d-0ae9d148bca7
FA3	core-fucosylated agalactosylated triantennary N-glycan			RES\r\n1b:b-dglc-HEX-1:5\r\n2s:n-acetyl\r\n3b:b-dglc-HEX-1:5\r\n4s:n-acetyl\r\n5b:b-dman-HEX-1:5\r\n6b:a-dman-HEX-1:5\r\n7b:a-dman-HEX-1:5\r\n8b:a-l-fuc-HEX-1:5\r\n9b:b-dglc-HEX-1:5\r\n10s:n-acetyl\r\n11b:b-dglc-HEX-1:5\r\n12s:n-acetyl\r\n13b:b-dglc-HEX-1:5\r\n14s:n-acetyl\r\nLIN\r\n1:1d(2+1)2n\r\n2:1o(4+1)3d\r\n3:3d(2+1)4n\r\n4:3o(4+1)5d\r\n5:5o(3+1)6d\r\n6:5o(6+1)7d\r\n7:1o(6+1)8d\r\n8:6o(2+1)9d\r\n9:9d(2+1)10n\r\n10:7o(2+1)11d\r\n11:11d(2+1)12n\r\n12:6o(4+1)13d\r\n13:13d(2+1)14n	SRC:GLYGEN_CURATORS	Oxford notation	mammalian complex-type, canonical	0fb25052-9b14-41b5-ab91-4062f7031941	bb4dcedc-e9e3-43c1-bb27-08ee461193dd
FA3B	core-fucosylated bisected agalactosylated triantennary N-glycan			RES\r\n1b:b-dglc-HEX-1:5\r\n2s:n-acetyl\r\n3b:b-dglc-HEX-1:5\r\n4s:n-acetyl\r\n5b:b-dman-HEX-1:5\r\n6b:a-dman-HEX-1:5\r\n7b:a-dman-HEX-1:5\r\n8b:a-l-fuc-HEX-1:5\r\n9b:b-dglc-HEX-1:5\r\n10s:n-acetyl\r\n11b:b-dglc-HEX-1:5\r\n12s:n-acetyl\r\n13b:b-dglc-HEX-1:5\r\n14s:n-acetyl\r\n15b:b-dglc-HEX-1:5\r\n16s:n-acetyl\r\nLIN\r\n1:1d(2+1)2n\r\n2:1o(4+1)3d\r\n3:3d(2+1)4n\r\n4:3o(4+1)5d\r\n5:5o(3+1)6d\r\n6:5o(6+1)7d\r\n7:1o(6+1)8d\r\n8:6o(2+1)9d\r\n9:9d(2+1)10n\r\n10:7o(2+1)11d\r\n11:11d(2+1)12n\r\n12:6o(4+1)13d\r\n13:13d(2+1)14n\r\n14:5o(4+1)15d\r\n15:15d(2+1)16n	SRC:GLYGEN_CURATORS	Oxford notation	mammalian complex-type, canonical	a4af7308-5106-450f-961c-f555980b279d	8442dc07-1f33-4956-a560-4ec4c8a44c18
FA3F1G3S3	core-fucosylated mono-antennary-fucosylated trigalactosylated trisialylated triantennary N-glycan	G95547TG		RES\r\n1b:b-dglc-HEX-1:5\r\n2s:n-acetyl\r\n3b:b-dglc-HEX-1:5\r\n4s:n-acetyl\r\n5b:b-dman-HEX-1:5\r\n6b:a-dman-HEX-1:5\r\n7b:a-dman-HEX-1:5\r\n8b:a-l-fuc-HEX-1:5\r\n9b:b-dglc-HEX-1:5\r\n10s:n-acetyl\r\n11b:b-dglc-HEX-1:5\r\n12s:n-acetyl\r\n13b:b-dglc-HEX-1:5\r\n14s:n-acetyl\r\n15b:a-l-fuc-HEX-1:5\r\n16b:b-dgal-HEX-1:5\r\n17b:b-dgal-HEX-1:5\r\n18b:b-dgal-HEX-1:5\r\n19b:a-dgro-dgal-NON-2:6\r\n20s:n-acetyl\r\n21b:a-dgro-dgal-NON-2:6\r\n22s:n-acetyl\r\n23b:a-dgro-dgal-NON-2:6\r\n24s:n-acetyl\r\nLIN\r\n1:1d(2+1)2n\r\n2:1o(4+1)3d\r\n3:3d(2+1)4n\r\n4:3o(4+1)5d\r\n5:5o(3+1)6d\r\n6:5o(6+1)7d\r\n7:1o(6+1)8d\r\n8:6o(2+1)9d\r\n9:9d(2+1)10n\r\n10:7o(2+1)11d\r\n11:11d(2+1)12n\r\n12:6o(4+1)13d\r\n13:13d(2+1)14n\r\n14:8o(3+1)15d\r\n15:9o(4+1)16d\r\n16:11o(4+1)17d\r\n17:13o(4+1)18d\r\n18:16o(6+2)19d\r\n19:19d(5+1)20n\r\n20:17o(6+2)21d\r\n21:21d(5+1)22n\r\n22:18o(6+2)23d\r\n23:23d(5+1)24n	SRC:GLYGEN_CURATORS	Oxford notation	mammalian complex-type, canonical	058efd1f-f654-479e-824e-bbda5ff6b69a	364110d4-43e4-4326-9ddf-fd1988557d75
FA3G3	core-fucosylated trigalactosylated triantennary N-glycan			RES\r\n1b:b-dglc-HEX-1:5\r\n2s:n-acetyl\r\n3b:b-dglc-HEX-1:5\r\n4s:n-acetyl\r\n5b:b-dman-HEX-1:5\r\n6b:a-dman-HEX-1:5\r\n7b:a-dman-HEX-1:5\r\n8b:a-l-fuc-HEX-1:5\r\n9b:b-dglc-HEX-1:5\r\n10s:n-acetyl\r\n11b:b-dglc-HEX-1:5\r\n12s:n-acetyl\r\n13b:b-dglc-HEX-1:5\r\n14s:n-acetyl\r\n15b:b-dgal-HEX-1:5\r\n16b:b-dgal-HEX-1:5\r\n17b:b-dgal-HEX-1:5\r\nLIN\r\n1:1d(2+1)2n\r\n2:1o(4+1)3d\r\n3:3d(2+1)4n\r\n4:3o(4+1)5d\r\n5:5o(3+1)6d\r\n6:5o(6+1)7d\r\n7:1o(6+1)8d\r\n8:6o(2+1)9d\r\n9:9d(2+1)10n\r\n10:7o(2+1)11d\r\n11:11d(2+1)12n\r\n12:6o(4+1)13d\r\n13:13d(2+1)14n\r\n14:9o(4+1)15d\r\n15:11o(4+1)16d\r\n16:13o(4+1)17d	SRC:GLYGEN_CURATORS	Oxford notation	mammalian complex-type, canonical	556417e6-2691-4e4e-bd70-8e311d17c9c3	64766c16-17d3-490c-b5a5-babc2b8a654e
FA3G3S3	core-fucosylated trigalactosylated trisialylated triantennary N-glycan	G53972TI		RES\r\n1b:b-dglc-HEX-1:5\r\n2s:n-acetyl\r\n3b:b-dglc-HEX-1:5\r\n4s:n-acetyl\r\n5b:b-dman-HEX-1:5\r\n6b:a-dman-HEX-1:5\r\n7b:a-dman-HEX-1:5\r\n8b:a-l-fuc-HEX-1:5\r\n9b:b-dglc-HEX-1:5\r\n10s:n-acetyl\r\n11b:b-dglc-HEX-1:5\r\n12s:n-acetyl\r\n13b:b-dglc-HEX-1:5\r\n14s:n-acetyl\r\n15b:b-dgal-HEX-1:5\r\n16b:b-dgal-HEX-1:5\r\n17b:b-dgal-HEX-1:5\r\n18b:a-dgro-dgal-NON-2:6\r\n19s:n-acetyl\r\n20b:a-dgro-dgal-NON-2:6\r\n21s:n-acetyl\r\n22b:a-dgro-dgal-NON-2:6\r\n23s:n-acetyl\r\nLIN\r\n1:1d(2+1)2n\r\n2:1o(4+1)3d\r\n3:3d(2+1)4n\r\n4:3o(4+1)5d\r\n5:5o(3+1)6d\r\n6:5o(6+1)7d\r\n7:1o(6+1)8d\r\n8:6o(2+1)9d\r\n9:9d(2+1)10n\r\n10:7o(2+1)11d\r\n11:11d(2+1)12n\r\n12:6o(4+1)13d\r\n13:13d(2+1)14n\r\n14:9o(4+1)15d\r\n15:11o(4+1)16d\r\n16:13o(4+1)17d\r\n17:15o(6+2)18d\r\n18:18d(5+1)19n\r\n19:16o(6+2)20d\r\n20:20d(5+1)21n\r\n21:17o(6+2)22d\r\n22:22d(5+1)23n	SRC:GLYGEN_CURATORS	Oxford notation	mammalian complex-type, canonical	c3874249-f0e6-45e8-ac6e-a12224f0ff64	dfb77580-b0e9-44a9-a4a0-811859a728ee
FA4	core-fucosylated agalactosylated tetraantennary N-glycan			RES\r\n1b:b-dglc-HEX-1:5\r\n2s:n-acetyl\r\n3b:b-dglc-HEX-1:5\r\n4s:n-acetyl\r\n5b:b-dman-HEX-1:5\r\n6b:a-dman-HEX-1:5\r\n7b:a-dman-HEX-1:5\r\n8b:a-l-fuc-HEX-1:5\r\n9b:b-dglc-HEX-1:5\r\n10s:n-acetyl\r\n11b:b-dglc-HEX-1:5\r\n12s:n-acetyl\r\n13b:b-dglc-HEX-1:5\r\n14s:n-acetyl\r\n15b:b-dglc-HEX-1:5\r\n16s:n-acetyl\r\nLIN\r\n1:1d(2+1)2n\r\n2:1o(4+1)3d\r\n3:3d(2+1)4n\r\n4:3o(4+1)5d\r\n5:5o(3+1)6d\r\n6:5o(6+1)7d\r\n7:1o(6+1)8d\r\n8:6o(2+1)9d\r\n9:9d(2+1)10n\r\n10:7o(2+1)11d\r\n11:11d(2+1)12n\r\n12:6o(4+1)13d\r\n13:13d(2+1)14n\r\n14:7o(6+1)15d\r\n15:15d(2+1)16n	SRC:GLYGEN_CURATORS	Oxford notation	mammalian complex-type, canonical	57f7f432-089d-4fb4-889f-e6393b0d4d19	7fc661a2-9f9e-4579-9869-246a95b616f2
FA4F1G4S4	core-fucosylated mono-antennary-fucosylated tetragalactosylated tetrasialylated tetraantennary N-glycan			RES\r\n1b:b-dglc-HEX-1:5\r\n2s:n-acetyl\r\n3b:b-dglc-HEX-1:5\r\n4s:n-acetyl\r\n5b:b-dman-HEX-1:5\r\n6b:a-dman-HEX-1:5\r\n7b:a-dman-HEX-1:5\r\n8b:a-l-fuc-HEX-1:5\r\n9b:b-dglc-HEX-1:5\r\n10s:n-acetyl\r\n11b:b-dglc-HEX-1:5\r\n12s:n-acetyl\r\n13b:b-dglc-HEX-1:5\r\n14s:n-acetyl\r\n15b:b-dglc-HEX-1:5\r\n16s:n-acetyl\r\n17b:a-l-fuc-HEX-1:5\r\n18b:b-dgal-HEX-1:5\r\n19b:b-dgal-HEX-1:5\r\n20b:b-dgal-HEX-1:5\r\n21b:b-dgal-HEX-1:5\r\n22b:a-dgro-dgal-NON-2:6\r\n23s:n-acetyl\r\n24b:a-dgro-dgal-NON-2:6\r\n25s:n-acetyl\r\n26b:a-dgro-dgal-NON-2:6\r\n27s:n-acetyl\r\n28b:a-dgro-dgal-NON-2:6\r\n29s:n-acetyl\r\nLIN\r\n1:1d(2+1)2n\r\n2:1o(4+1)3d\r\n3:3d(2+1)4n\r\n4:3o(4+1)5d\r\n5:5o(3+1)6d\r\n6:5o(6+1)7d\r\n7:1o(6+1)8d\r\n8:6o(2+1)9d\r\n9:9d(2+1)10n\r\n10:7o(2+1)11d\r\n11:11d(2+1)12n\r\n12:6o(4+1)13d\r\n13:13d(2+1)14n\r\n14:7o(6+1)15d\r\n15:15d(2+1)16n\r\n16:9o(3+1)17d\r\n17:9o(4+1)18d\r\n18:11o(4+1)19d\r\n19:13o(4+1)20d\r\n20:15o(4+1)21d\r\n21:18o(6+2)22d\r\n22:22d(5+1)23n\r\n23:19o(6+2)24d\r\n24:24d(5+1)25n\r\n25:20o(6+2)26d\r\n26:26d(5+1)27n\r\n27:21o(6+2)28d\r\n28:28d(5+1)29n	SRC:GLYGEN_CURATORS	Oxford notation	mammalian complex-type, canonical	d802f979-8882-4c39-945a-92a0531cd269	7fdfd12a-2ee4-46da-8a6a-eca17a07e02c
FA4G4	core-fucosylated tetragalactosylated tetraantennary N-glycan			RES\r\n1b:b-dglc-HEX-1:5\r\n2s:n-acetyl\r\n3b:b-dglc-HEX-1:5\r\n4s:n-acetyl\r\n5b:b-dman-HEX-1:5\r\n6b:a-dman-HEX-1:5\r\n7b:a-dman-HEX-1:5\r\n8b:a-l-fuc-HEX-1:5\r\n9b:b-dglc-HEX-1:5\r\n10s:n-acetyl\r\n11b:b-dglc-HEX-1:5\r\n12s:n-acetyl\r\n13b:b-dglc-HEX-1:5\r\n14s:n-acetyl\r\n15b:b-dglc-HEX-1:5\r\n16s:n-acetyl\r\n17b:b-dgal-HEX-1:5\r\n18b:b-dgal-HEX-1:5\r\n19b:b-dgal-HEX-1:5\r\n20b:b-dgal-HEX-1:5\r\nLIN\r\n1:1d(2+1)2n\r\n2:1o(4+1)3d\r\n3:3d(2+1)4n\r\n4:3o(4+1)5d\r\n5:5o(3+1)6d\r\n6:5o(6+1)7d\r\n7:1o(6+1)8d\r\n8:6o(2+1)9d\r\n9:9d(2+1)10n\r\n10:7o(2+1)11d\r\n11:11d(2+1)12n\r\n12:6o(4+1)13d\r\n13:13d(2+1)14n\r\n14:7o(6+1)15d\r\n15:15d(2+1)16n\r\n16:9o(4+1)17d\r\n17:11o(4+1)18d\r\n18:13o(4+1)19d\r\n19:15o(4+1)20d	SRC:GLYGEN_CURATORS	Oxford notation	mammalian complex-type, canonical	2d1e1acb-8613-48c5-a166-dc30d456f389	4cf8aef2-bccb-4d64-8650-340d6d00afe9
FA4G4S4	core-fucosylated tetragalactosylated tetrasialylated tetraantennary N-glycan			RES\r\n1b:b-dglc-HEX-1:5\r\n2s:n-acetyl\r\n3b:b-dglc-HEX-1:5\r\n4s:n-acetyl\r\n5b:b-dman-HEX-1:5\r\n6b:a-dman-HEX-1:5\r\n7b:a-dman-HEX-1:5\r\n8b:a-l-fuc-HEX-1:5\r\n9b:b-dglc-HEX-1:5\r\n10s:n-acetyl\r\n11b:b-dglc-HEX-1:5\r\n12s:n-acetyl\r\n13b:b-dglc-HEX-1:5\r\n14s:n-acetyl\r\n15b:b-dglc-HEX-1:5\r\n16s:n-acetyl\r\n17b:b-dgal-HEX-1:5\r\n18b:b-dgal-HEX-1:5\r\n19b:b-dgal-HEX-1:5\r\n20b:b-dgal-HEX-1:5\r\n21b:a-dgro-dgal-NON-2:6\r\n22s:n-acetyl\r\n23b:a-dgro-dgal-NON-2:6\r\n24s:n-acetyl\r\n25b:a-dgro-dgal-NON-2:6\r\n26s:n-acetyl\r\n27b:a-dgro-dgal-NON-2:6\r\n28s:n-acetyl\r\nLIN\r\n1:1d(2+1)2n\r\n2:1o(4+1)3d\r\n3:3d(2+1)4n\r\n4:3o(4+1)5d\r\n5:5o(3+1)6d\r\n6:5o(6+1)7d\r\n7:1o(6+1)8d\r\n8:6o(2+1)9d\r\n9:9d(2+1)10n\r\n10:7o(2+1)11d\r\n11:11d(2+1)12n\r\n12:6o(4+1)13d\r\n13:13d(2+1)14n\r\n14:7o(6+1)15d\r\n15:15d(2+1)16n\r\n16:9o(4+1)17d\r\n17:11o(4+1)18d\r\n18:13o(4+1)19d\r\n19:15o(4+1)20d\r\n20:17o(6+2)21d\r\n21:21d(5+1)22n\r\n22:18o(6+2)23d\r\n23:23d(5+1)24n\r\n24:19o(6+2)25d\r\n25:25d(5+1)26n\r\n26:20o(6+2)27d\r\n27:27d(5+1)28n	SRC:GLYGEN_CURATORS	Oxford notation	mammalian complex-type, canonical	8998868d-539a-4c2c-87ef-28d8ba2d31b6	0fb33430-f367-4172-9f59-44b9a052fcfa
G0	afucosylated agalactosylated biantennary N-glycan		A2	RES\r\n1b:b-dglc-HEX-1:5\r\n2s:n-acetyl\r\n3b:b-dglc-HEX-1:5\r\n4s:n-acetyl\r\n5b:b-dman-HEX-1:5\r\n6b:a-dman-HEX-1:5\r\n7b:a-dman-HEX-1:5\r\n8b:b-dglc-HEX-1:5\r\n9s:n-acetyl\r\n10b:b-dglc-HEX-1:5\r\n11s:n-acetyl\r\n12b:b-dgal-HEX-1:5\r\n13b:b-dgal-HEX-1:5\r\nLIN\r\n1:1d(2+1)2n\r\n2:1o(4+1)3d\r\n3:3d(2+1)4n\r\n4:3o(4+1)5d\r\n5:5o(3+1)6d\r\n6:5o(6+1)7d\r\n7:6o(2+1)8d\r\n8:8d(2+1)9n\r\n9:7o(2+1)10d\r\n10:10d(2+1)11n\r\n11:8o(4+1)12d\r\n12:10o(4+1)13d	SRC:GLYGEN_CURATORS	IgG notation	mammalian complex-type, canonical	bf0e78e7-7656-5f66-8677-a96d59743cfe	b99d1857-fec5-4702-8bf4-7db5d4a6dfa1
G0-N	afucosylated agalactosylated monoantennary N-glycan		A1	RES\r\n1b:b-dglc-HEX-1:5\r\n2s:n-acetyl\r\n3b:b-dglc-HEX-1:5\r\n4s:n-acetyl\r\n5b:b-dman-HEX-1:5\r\n6b:a-dman-HEX-1:5\r\n7b:a-dman-HEX-1:5\r\n8b:b-dglc-HEX-1:5\r\n9s:n-acetyl\r\nLIN\r\n1:1d(2+1)2n\r\n2:1o(4+1)3d\r\n3:3d(2+1)4n\r\n4:3o(4+1)5d\r\n5:5o(3+1)6d\r\n6:5o(6+1)7d\r\n7:6o(2+1)8d\r\n8:8d(2+1)9n	SRC:GLYGEN_CURATORS	IgG notation	mammalian, canonical	3eac30ef-5494-45c6-bdf5-108a05cf1890	6e4cce16-8f0b-4805-b4bb-ec188d552e50
G0B	afucosylated bisected agalactosylated biantennary N-glycan		A2B	RES\r\n1b:b-dglc-HEX-1:5\r\n2s:n-acetyl\r\n3b:b-dglc-HEX-1:5\r\n4s:n-acetyl\r\n5b:b-dman-HEX-1:5\r\n6b:a-dman-HEX-1:5\r\n7b:a-dman-HEX-1:5\r\n8b:b-dglc-HEX-1:5\r\n9s:n-acetyl\r\n10b:b-dglc-HEX-1:5\r\n11s:n-acetyl\r\n12b:b-dglc-HEX-1:5\r\n13s:n-acetyl\r\nLIN\r\n1:1d(2+1)2n\r\n2:1o(4+1)3d\r\n3:3d(2+1)4n\r\n4:3o(4+1)5d\r\n5:5o(3+1)6d\r\n6:5o(6+1)7d\r\n7:6o(2+1)8d\r\n8:8d(2+1)9n\r\n9:7o(2+1)10d\r\n10:10d(2+1)11n\r\n11:5o(4+1)12d\r\n12:12d(2+1)13n	SRC:GLYGEN_CURATORS	IgG notation	mammalian complex-type, canonical	6fb1b3d1-7810-41fc-917e-44634e577d3c	3f9f171a-b31d-49a4-bb82-5298de7eb89d
G0F	core-fucosylated agalactosylated biantennary N-glycan		FA2	RES\r\n1b:b-dglc-HEX-1:5\r\n2s:n-acetyl\r\n3b:b-dglc-HEX-1:5\r\n4s:n-acetyl\r\n5b:b-dman-HEX-1:5\r\n6b:a-dman-HEX-1:5\r\n7b:a-dman-HEX-1:5\r\n8b:a-l-fuc-HEX-1:5\r\n9b:b-dglc-HEX-1:5\r\n10s:n-acetyl\r\n11b:b-dglc-HEX-1:5\r\n12s:n-acetyl\r\n13b:b-dgal-HEX-1:5\r\n14b:b-dgal-HEX-1:5\r\nLIN\r\n1:1d(2+1)2n\r\n2:1o(4+1)3d\r\n3:3d(2+1)4n\r\n4:3o(4+1)5d\r\n5:5o(3+1)6d\r\n6:5o(6+1)7d\r\n7:1o(6+1)8d\r\n8:6o(2+1)9d\r\n9:9d(2+1)10n\r\n10:7o(2+1)11d\r\n11:11d(2+1)12n\r\n12:9o(4+1)13d\r\n13:11o(4+1)14d	SRC:GLYGEN_CURATORS	IgG notation	mammalian complex-type, canonical	e2868821-1995-4872-983f-4231e9fd8faf	fd2d7313-d790-454e-9454-187fce76b885
G0FB	core-fucosylated bisected agalactosylated biantennary N-glycan		FA2B	RES\r\n1b:b-dglc-HEX-1:5\r\n2s:n-acetyl\r\n3b:b-dglc-HEX-1:5\r\n4s:n-acetyl\r\n5b:b-dman-HEX-1:5\r\n6b:a-dman-HEX-1:5\r\n7b:a-dman-HEX-1:5\r\n8b:a-l-fuc-HEX-1:5\r\n9b:b-dglc-HEX-1:5\r\n10s:n-acetyl\r\n11b:b-dglc-HEX-1:5\r\n12s:n-acetyl\r\n13b:b-dglc-HEX-1:5\r\n14s:n-acetyl\r\nLIN\r\n1:1d(2+1)2n\r\n2:1o(4+1)3d\r\n3:3d(2+1)4n\r\n4:3o(4+1)5d\r\n5:5o(3+1)6d\r\n6:5o(6+1)7d\r\n7:1o(6+1)8d\r\n8:6o(2+1)9d\r\n9:9d(2+1)10n\r\n10:7o(2+1)11d\r\n11:11d(2+1)12n\r\n12:5o(4+1)13d\r\n13:13d(2+1)14n	SRC:GLYGEN_CURATORS	IgG notation	mammalian complex-type, canonical	e2aedcf6-3412-4ce7-8768-970fff170c92	2737969f-6bd8-4c20-83a2-6e099bb73150
G1	afucosylated monogalactosylated biantennary N-glycan		A2G1	RES\r\n1b:b-dglc-HEX-1:5\r\n2s:n-acetyl\r\n3b:b-dglc-HEX-1:5\r\n4s:n-acetyl\r\n5b:b-dman-HEX-1:5\r\n6b:a-dman-HEX-1:5\r\n7b:a-dman-HEX-1:5\r\n8b:b-dglc-HEX-1:5\r\n9s:n-acetyl\r\n10b:b-dglc-HEX-1:5\r\n11s:n-acetyl\r\n12b:b-dgal-HEX-1:5\r\nLIN\r\n1:1d(2+1)2n\r\n2:1o(4+1)3d\r\n3:3d(2+1)4n\r\n4:3o(4+1)5d\r\n5:5o(3+1)6d\r\n6:5o(6+1)7d\r\n7:6o(2+1)8d\r\n8:8d(2+1)9n\r\n9:7o(2+1)10d\r\n10:10d(2+1)11n\r\n11:8o(4+1)12d	SRC:GLYGEN_CURATORS	IgG notation	mammalian complex-type, canonical	e09b35de-0e6a-4fdd-a9b2-ad015b788603	e580830f-f0da-444c-9abf-5598bbed1228
G1F	core-fucosylated monogalactosylated biantennary N-glycan		FA2G1	RES\r\n1b:b-dglc-HEX-1:5\r\n2s:n-acetyl\r\n3b:b-dglc-HEX-1:5\r\n4s:n-acetyl\r\n5b:b-dman-HEX-1:5\r\n6b:a-dman-HEX-1:5\r\n7b:a-dman-HEX-1:5\r\n8b:a-l-fuc-HEX-1:5\r\n9b:b-dglc-HEX-1:5\r\n10s:n-acetyl\r\n11b:b-dglc-HEX-1:5\r\n12s:n-acetyl\r\n13b:b-dgal-HEX-1:5\r\nLIN\r\n1:1d(2+1)2n\r\n2:1o(4+1)3d\r\n3:3d(2+1)4n\r\n4:3o(4+1)5d\r\n5:5o(3+1)6d\r\n6:5o(6+1)7d\r\n7:1o(6+1)8d\r\n8:6o(2+1)9d\r\n9:9d(2+1)10n\r\n10:7o(2+1)11d\r\n11:11d(2+1)12n\r\n12:9o(4+1)13d	SRC:GLYGEN_CURATORS	IgG notation	mammalian complex-type, canonical	aeeaceb1-5530-4598-b828-31015aceeaa0	2ac52f28-ffab-4541-a081-0c426602796b
G2	afucosylated digalactosylated biantennary N-glycan		A2G2	RES\r\n1b:b-dglc-HEX-1:5\r\n2s:n-acetyl\r\n3b:b-dglc-HEX-1:5\r\n4s:n-acetyl\r\n5b:b-dman-HEX-1:5\r\n6b:a-dman-HEX-1:5\r\n7b:a-dman-HEX-1:5\r\n8b:b-dglc-HEX-1:5\r\n9s:n-acetyl\r\n10b:b-dglc-HEX-1:5\r\n11s:n-acetyl\r\n12b:b-dgal-HEX-1:5\r\n13b:b-dgal-HEX-1:5\r\nLIN\r\n1:1d(2+1)2n\r\n2:1o(4+1)3d\r\n3:3d(2+1)4n\r\n4:3o(4+1)5d\r\n5:5o(3+1)6d\r\n6:5o(6+1)7d\r\n7:6o(2+1)8d\r\n8:8d(2+1)9n\r\n9:7o(2+1)10d\r\n10:10d(2+1)11n\r\n11:8o(4+1)12d\r\n12:10o(4+1)13d	SRC:GLYGEN_CURATORS	IgG notation	mammalian complex-type, canonical	a9dc8b21-25a3-4a48-8943-0c8e852ff46c	8eddf8ad-4ca6-473e-ae15-29e3cc1ac743
G2F	core-fucosylated digalactosylated biantennary N-glycan		FA2G2	RES\r\n1b:b-dglc-HEX-1:5\r\n2s:n-acetyl\r\n3b:b-dglc-HEX-1:5\r\n4s:n-acetyl\r\n5b:b-dman-HEX-1:5\r\n6b:a-dman-HEX-1:5\r\n7b:a-dman-HEX-1:5\r\n8b:a-l-fuc-HEX-1:5\r\n9b:b-dglc-HEX-1:5\r\n10s:n-acetyl\r\n11b:b-dglc-HEX-1:5\r\n12s:n-acetyl\r\n13b:b-dgal-HEX-1:5\r\n14b:b-dgal-HEX-1:5\r\nLIN\r\n1:1d(2+1)2n\r\n2:1o(4+1)3d\r\n3:3d(2+1)4n\r\n4:3o(4+1)5d\r\n5:5o(3+1)6d\r\n6:5o(6+1)7d\r\n7:1o(6+1)8d\r\n8:6o(2+1)9d\r\n9:9d(2+1)10n\r\n10:7o(2+1)11d\r\n11:11d(2+1)12n\r\n12:9o(4+1)13d\r\n13:11o(4+1)14d	SRC:GLYGEN_CURATORS	IgG notation	mammalian complex-type, canonical	c979ed9e-e4e2-4ec6-ae30-da5a7ad21b32	ed1aa95b-985b-4ad9-9547-094bd2a10870
G2FS1	core-fucosylated digalactosylated monosialylated biantennary N-glycan		FA2G2S1	RES\r\n1b:b-dglc-HEX-1:5\r\n2s:n-acetyl\r\n3b:b-dglc-HEX-1:5\r\n4s:n-acetyl\r\n5b:b-dman-HEX-1:5\r\n6b:a-dman-HEX-1:5\r\n7b:a-dman-HEX-1:5\r\n8b:a-l-fuc-HEX-1:5\r\n9b:b-dglc-HEX-1:5\r\n10s:n-acetyl\r\n11b:b-dglc-HEX-1:5\r\n12s:n-acetyl\r\n13b:b-dgal-HEX-1:5\r\n14b:b-dgal-HEX-1:5\r\n15b:a-dgro-dgal-NON-2:6\r\n16s:n-acetyl\r\nLIN\r\n1:1d(2+1)2n\r\n2:1o(4+1)3d\r\n3:3d(2+1)4n\r\n4:3o(4+1)5d\r\n5:5o(3+1)6d\r\n6:5o(6+1)7d\r\n7:1o(6+1)8d\r\n8:6o(2+1)9d\r\n9:9d(2+1)10n\r\n10:7o(2+1)11d\r\n11:11d(2+1)12n\r\n12:9o(4+1)13d\r\n13:11o(4+1)14d\r\n14:13o(6+2)15d\r\n15:15d(5+1)16n	SRC:GLYGEN_CURATORS	IgG notation	mammalian complex-type, canonical	06a32dd0-c657-491d-bcf9-c719061df840	b98fbbbf-08aa-4f78-a485-724e0bd49513
G2FS2	core-fucosylated digalactosylated disialylated biantennary N-glycan		FA2G2S2	RES\r\n1b:b-dglc-HEX-1:5\r\n2s:n-acetyl\r\n3b:b-dglc-HEX-1:5\r\n4s:n-acetyl\r\n5b:b-dman-HEX-1:5\r\n6b:a-dman-HEX-1:5\r\n7b:a-dman-HEX-1:5\r\n8b:a-l-fuc-HEX-1:5\r\n9b:b-dglc-HEX-1:5\r\n10s:n-acetyl\r\n11b:b-dglc-HEX-1:5\r\n12s:n-acetyl\r\n13b:b-dgal-HEX-1:5\r\n14b:b-dgal-HEX-1:5\r\n15b:a-dgro-dgal-NON-2:6\r\n16s:n-acetyl\r\n17b:a-dgro-dgal-NON-2:6\r\n18s:n-acetyl\r\nLIN\r\n1:1d(2+1)2n\r\n2:1o(4+1)3d\r\n3:3d(2+1)4n\r\n4:3o(4+1)5d\r\n5:5o(3+1)6d\r\n6:5o(6+1)7d\r\n7:1o(6+1)8d\r\n8:6o(2+1)9d\r\n9:9d(2+1)10n\r\n10:7o(2+1)11d\r\n11:11d(2+1)12n\r\n12:9o(4+1)13d\r\n13:11o(4+1)14d\r\n14:13o(6+2)15d\r\n15:15d(5+1)16n\r\n16:14o(6+2)17d\r\n17:17d(5+1)18n	SRC:GLYGEN_CURATORS	IgG notation	mammalian complex-type, canonical	5750e9ec-7e77-491e-a140-3b90e2b0df83	c1da1a95-0d53-42b2-be9c-fedfcfccd531
G1M9	afucosylated high-mannose (9) N-glycan, terminal GlcNAc			RES\r\n1b:b-dglc-HEX-1:5\r\n2s:n-acetyl\r\n3b:b-dglc-HEX-1:5\r\n4s:n-acetyl\r\n5b:b-dman-HEX-1:5\r\n6b:a-dman-HEX-1:5\r\n7b:a-dman-HEX-1:5\r\n8b:a-dman-HEX-1:5\r\n9b:a-dman-HEX-1:5\r\n10b:a-dman-HEX-1:5\r\n11b:a-dman-HEX-1:5\r\n12b:a-dman-HEX-1:5\r\n13b:a-dman-HEX-1:5\r\n14b:a-dglc-HEX-1:5\r\nLIN\r\n1:1d(2+1)2n\r\n2:1o(4+1)3d\r\n3:3d(2+1)4n\r\n4:3o(4+1)5d\r\n5:5o(3+1)6d\r\n6:5o(6+1)7d\r\n7:6o(2+1)8d\r\n8:8o(2+1)9d\r\n9:7o(3+1)10d\r\n10:10o(2+1)11d\r\n11:7o(2+1)12d\r\n12:12o(2+1)13d\r\n13:9o(3+1)14d	SRC:GLYGEN_CURATORS	Oxford notation	mammalian high mannose, canonical	27e8bdda-e653-437d-a0b4-7806b6892790	e8e56e45-f632-45e3-9027-6c8da9aa70de
G2M9	afucosylated high-mannose (9) N-glycan, terminal GlcNAc-GlcNAc			RES\r\n1b:b-dglc-HEX-1:5\r\n2s:n-acetyl\r\n3b:b-dglc-HEX-1:5\r\n4s:n-acetyl\r\n5b:b-dman-HEX-1:5\r\n6b:a-dman-HEX-1:5\r\n7b:a-dman-HEX-1:5\r\n8b:a-dman-HEX-1:5\r\n9b:a-dman-HEX-1:5\r\n10b:a-dman-HEX-1:5\r\n11b:a-dman-HEX-1:5\r\n12b:a-dman-HEX-1:5\r\n13b:a-dman-HEX-1:5\r\n14b:a-dglc-HEX-1:5\r\n15b:a-dglc-HEX-1:5\r\nLIN\r\n1:1d(2+1)2n\r\n2:1o(4+1)3d\r\n3:3d(2+1)4n\r\n4:3o(4+1)5d\r\n5:5o(3+1)6d\r\n6:5o(6+1)7d\r\n7:6o(2+1)8d\r\n8:8o(2+1)9d\r\n9:7o(3+1)10d\r\n10:10o(2+1)11d\r\n11:7o(2+1)12d\r\n12:12o(2+1)13d\r\n13:9o(3+1)14d\r\n14:14o(2+1)15d	SRC:GLYGEN_CURATORS	Oxford notation	mammalian high mannose, canonical	a695785e-9e88-4f37-91f5-f38fc81a3448	64c00a0c-9c89-4351-9c03-147f712232a5
M3 (N-glycan)	trimannosyl core of N-glycans		Man3GlcNAc2	RES\r\n1b:b-dglc-HEX-1:5\r\n2s:n-acetyl\r\n3b:b-dglc-HEX-1:5\r\n4s:n-acetyl\r\n5b:b-dman-HEX-1:5\r\n6b:a-dman-HEX-1:5\r\n7b:a-dman-HEX-1:5\r\nLIN\r\n1:1d(2+1)2n\r\n2:1o(4+1)3d\r\n3:3d(2+1)4n\r\n4:3o(4+1)5d\r\n5:5o(3+1)6d\r\n6:5o(6+1)7d	SRC:https://www.ludger.com/docs/tables/ludger-n-glycan-nomenclature-table.pdf	Oxford notation	mammalian, not to be confused with core M3	31920366-d0a5-4ca0-b9f7-3b9fceff0283	1cd8d03b-3b8e-41f6-b649-158c315677de
M5	afucosylated high-mannose (5) N-glycan		Man5GlcNAc2	RES\r\n1b:b-dglc-HEX-1:5\r\n2s:n-acetyl\r\n3b:b-dglc-HEX-1:5\r\n4s:n-acetyl\r\n5b:b-dman-HEX-1:5\r\n6b:a-dman-HEX-1:5\r\n7b:x-dman-HEX-1:5\r\n8b:a-dman-HEX-1:5\r\n9b:x-dman-HEX-1:5\r\nLIN\r\n1:1d(2+1)2n\r\n2:1o(4+1)3d\r\n3:3d(2+1)4n\r\n4:3o(4+1)5d\r\n5:5o(3+1)6d\r\n6:6o(-1+1)7d\r\n7:5o(6+1)8d\r\n8:8o(-1+1)9d	SRC:GLYGEN_CURATORS	Oxford notation	mammalian high mannose, ambiguity in the two terminal mannoses	f5c9087c-f814-4e25-8197-5801209af7e1	3f08d226-ebfd-48eb-86a7-303071828eac
M6	afucosylated high-mannose (6) N-glycan	G74112GC	Man6GlcNAc2	RES\r\n1b:b-dglc-HEX-1:5\r\n2s:n-acetyl\r\n3b:b-dglc-HEX-1:5\r\n4s:n-acetyl\r\n5b:b-dman-HEX-1:5\r\n6b:a-dman-HEX-1:5\r\n7b:a-dman-HEX-1:5\r\n8b:a-dman-HEX-1:5\r\n9b:a-dman-HEX-1:5\r\n10b:a-dman-HEX-1:5\r\nLIN\r\n1:1d(2+1)2n\r\n2:1o(4+1)3d\r\n3:3d(2+1)4n\r\n4:3o(4+1)5d\r\n5:5o(3+1)6d\r\n6:6o(2+1)7d\r\n7:7o(2+1)8d\r\n8:6o(6+1)9d\r\n9:5o(6+1)10d	SRC:GLYGEN_CURATORS	Oxford notation	mammalian high mannose, canonical	2567d8db-d209-41bb-9f3e-86cc5bc11725	71d11f17-bda6-4ee2-a31a-f15829aa97aa
M7	afucosylated high-mannose (7) N-glycan		Man7GlcNAc2	RES\r\n1b:b-dglc-HEX-1:5\r\n2s:n-acetyl\r\n3b:b-dglc-HEX-1:5\r\n4s:n-acetyl\r\n5b:b-dman-HEX-1:5\r\n6b:a-dman-HEX-1:5\r\n7b:a-dman-HEX-1:5\r\n8b:a-dman-HEX-1:5\r\n9b:a-dman-HEX-1:5\r\n10b:a-dman-HEX-1:5\r\n11b:a-dman-HEX-1:5\r\nLIN\r\n1:1d(2+1)2n\r\n2:1o(4+1)3d\r\n3:3d(2+1)4n\r\n4:3o(4+1)5d\r\n5:5o(3+1)6d\r\n6:6o(2+1)7d\r\n7:7o(2+1)8d\r\n8:5o(6+1)9d\r\n9:9o(3+1)10d\r\n10:10o(2+1)11d	SRC:GLYGEN_CURATORS	Oxford notation	mammalian high mannose, canonical	b09056c6-2f81-4d26-9e20-c4cf7d1406f5	69df03fd-896a-4fb6-947b-b387b05e5a49
M7AB	afucosylated high-mannose (7) N-glycan, non-mannosylated branch A and C			RES\r\n1b:b-dglc-HEX-1:5\r\n2s:n-acetyl\r\n3b:b-dglc-HEX-1:5\r\n4s:n-acetyl\r\n5b:b-dman-HEX-1:5\r\n6b:a-dman-HEX-1:5\r\n7b:a-dman-HEX-1:5\r\n8b:a-dman-HEX-1:5\r\n9b:a-dman-HEX-1:5\r\n10b:a-dman-HEX-1:5\r\n11b:a-dman-HEX-1:5\r\nLIN\r\n1:1d(2+1)2n\r\n2:1o(4+1)3d\r\n3:3d(2+1)4n\r\n4:3o(4+1)5d\r\n5:5o(3+1)6d\r\n6:5o(6+1)7d\r\n7:6o(2+1)8d\r\n8:7o(3+1)9d\r\n9:9o(2+1)10d\r\n10:7o(2+1)11d	SRC:GLYGEN_CURATORS	Oxford notation	mammalian high mannose, branch-specific, canonical	cbbfc6f4-8a29-49f9-95f8-e151c13f9914	779a077d-0b02-462d-b93e-58f4312c9a63
M7AC	afucosylated high-mannose (7) N-glycan, non-mannosylated branch A and B			RES\r\n1b:b-dglc-HEX-1:5\r\n2s:n-acetyl\r\n3b:b-dglc-HEX-1:5\r\n4s:n-acetyl\r\n5b:b-dman-HEX-1:5\r\n6b:a-dman-HEX-1:5\r\n7b:a-dman-HEX-1:5\r\n8b:a-dman-HEX-1:5\r\n9b:a-dman-HEX-1:5\r\n10b:a-dman-HEX-1:5\r\n11b:a-dman-HEX-1:5\r\nLIN\r\n1:1d(2+1)2n\r\n2:1o(4+1)3d\r\n3:3d(2+1)4n\r\n4:3o(4+1)5d\r\n5:5o(3+1)6d\r\n6:5o(6+1)7d\r\n7:6o(2+1)8d\r\n8:7o(3+1)9d\r\n9:7o(2+1)10d\r\n10:10o(2+1)11d	SRC:GLYGEN_CURATORS	Oxford notation	mammalian high mannose, branch-specific, canonical	b0c06d6b-d81c-4b50-95b0-c2372764a0b7	75f4737f-babe-4be3-8179-971ceb08feeb
M7BC	afucosylated high-mannose (7) N-glycan, non-mannosylated branch B and C			RES\r\n1b:b-dglc-HEX-1:5\r\n2s:n-acetyl\r\n3b:b-dglc-HEX-1:5\r\n4s:n-acetyl\r\n5b:b-dman-HEX-1:5\r\n6b:a-dman-HEX-1:5\r\n7b:a-dman-HEX-1:5\r\n8b:a-dman-HEX-1:5\r\n9b:a-dman-HEX-1:5\r\n10b:a-dman-HEX-1:5\r\n11b:a-dman-HEX-1:5\r\nLIN\r\n1:1d(2+1)2n\r\n2:1o(4+1)3d\r\n3:3d(2+1)4n\r\n4:3o(4+1)5d\r\n5:5o(3+1)6d\r\n6:5o(6+1)7d\r\n7:6o(2+1)8d\r\n8:8o(2+1)9d\r\n9:7o(3+1)10d\r\n10:7o(2+1)11d	SRC:GLYGEN_CURATORS	Oxford notation	mammalian high mannose, branch-specific, canonical	649ec44c-8ca8-51fc-ab09-791ddb37fde2	7184e7d9-2620-48d5-9de1-579bc4e7a0c8
M8A	afucosylated high-mannose (8) N-glycan, non-mannosylated branch A			RES\r\n1b:b-dglc-HEX-1:5\r\n2s:n-acetyl\r\n3b:b-dglc-HEX-1:5\r\n4s:n-acetyl\r\n5b:b-dman-HEX-1:5\r\n6b:a-dman-HEX-1:5\r\n7b:a-dman-HEX-1:5\r\n8b:a-dman-HEX-1:5\r\n9b:a-dman-HEX-1:5\r\n10b:a-dman-HEX-1:5\r\n11b:a-dman-HEX-1:5\r\n12b:a-dman-HEX-1:5\r\nLIN\r\n1:1d(2+1)2n\r\n2:1o(4+1)3d\r\n3:3d(2+1)4n\r\n4:3o(4+1)5d\r\n5:5o(3+1)6d\r\n6:5o(6+1)7d\r\n7:6o(2+1)8d\r\n8:7o(3+1)9d\r\n9:9o(2+1)10d\r\n10:7o(2+1)11d\r\n11:11o(2+1)12d	SRC:GLYGEN_CURATORS	Oxford notation	mammalian high mannose, branch-specific, canonical	b0c06d6b-d81c-4b50-95b0-c2372764a0b7	8eed86d7-ec8b-45b3-9952-760833415294
M8B	afucosylated high-mannose (8) N-glycan, non-mannosylated branch B			RES\r\n1b:b-dglc-HEX-1:5\r\n2s:n-acetyl\r\n3b:b-dglc-HEX-1:5\r\n4s:n-acetyl\r\n5b:b-dman-HEX-1:5\r\n6b:a-dman-HEX-1:5\r\n7b:a-dman-HEX-1:5\r\n8b:a-dman-HEX-1:5\r\n9b:a-dman-HEX-1:5\r\n10b:a-dman-HEX-1:5\r\n11b:a-dman-HEX-1:5\r\n12b:a-dman-HEX-1:5\r\nLIN\r\n1:1d(2+1)2n\r\n2:1o(4+1)3d\r\n3:3d(2+1)4n\r\n4:3o(4+1)5d\r\n5:5o(3+1)6d\r\n6:5o(6+1)7d\r\n7:6o(2+1)8d\r\n8:8o(2+1)9d\r\n9:7o(3+1)10d\r\n10:10o(2+1)11d\r\n11:7o(2+1)12d	SRC:GLYGEN_CURATORS	Oxford notation	mammalian high mannose, branch-specific, canonical	3b8d8834-2436-5048-9e58-0a0c4ed97585	a11d2811-6366-454f-941c-61a1a1d2b6d2
M8C	afucosylated high-mannose (8) N-glycan, non-mannosylated branch C			RES\r\n1b:b-dglc-HEX-1:5\r\n2s:n-acetyl\r\n3b:b-dglc-HEX-1:5\r\n4s:n-acetyl\r\n5b:b-dman-HEX-1:5\r\n6b:a-dman-HEX-1:5\r\n7b:a-dman-HEX-1:5\r\n8b:a-dman-HEX-1:5\r\n9b:a-dman-HEX-1:5\r\n10b:a-dman-HEX-1:5\r\n11b:a-dman-HEX-1:5\r\n12b:a-dman-HEX-1:5\r\nLIN\r\n1:1d(2+1)2n\r\n2:1o(4+1)3d\r\n3:3d(2+1)4n\r\n4:3o(4+1)5d\r\n5:5o(3+1)6d\r\n6:5o(6+1)7d\r\n7:6o(2+1)8d\r\n8:8o(2+1)9d\r\n9:7o(3+1)10d\r\n10:7o(2+1)11d\r\n11:11o(2+1)12d	SRC:GLYGEN_CURATORS	Oxford notation	mammalian high mannose, branch-specific, canonical	f157d93e-add0-4d35-8495-be2ef2cf73f3	729d14d1-6cc1-44ca-9bb6-f6267bc38a98
M8	afucosylated high-mannose (8) N-glycan		Man8GlcNAc2	RES\r\n1b:b-dglc-HEX-1:5\r\n2s:n-acetyl\r\n3b:b-dglc-HEX-1:5\r\n4s:n-acetyl\r\n5b:b-dman-HEX-1:5\r\n6b:a-dman-HEX-1:5\r\n7b:a-dman-HEX-1:5\r\n8b:a-dman-HEX-1:5\r\n9b:a-dman-HEX-1:5\r\n10b:a-dman-HEX-1:5\r\n11b:a-dman-HEX-1:5\r\n12b:a-dman-HEX-1:5\r\nLIN\r\n1:1d(2+1)2n\r\n2:1o(4+1)3d\r\n3:3d(2+1)4n\r\n4:3o(4+1)5d\r\n5:5o(3+1)6d\r\n6:6o(2+1)7d\r\n7:7o(2+1)8d\r\n8:5o(6+1)9d\r\n9:9o(3+1)10d\r\n10:10o(2+1)11d\r\n11:9o(6+1)12d	SRC:GLYGEN_CURATORS	Oxford notation	mammalian high mannose, canonical	e46355aa-9afd-475b-8df0-ac024fd4e49d	901b4373-b56c-4f93-b546-3449432e1568
M9	afucosylated high-mannose (9) N-glycan	G40510IW	Man9GlcNAc2	RES\r\n1b:b-dglc-HEX-1:5\r\n2s:n-acetyl\r\n3b:b-dglc-HEX-1:5\r\n4s:n-acetyl\r\n5b:b-dman-HEX-1:5\r\n6b:a-dman-HEX-1:5\r\n7b:a-dman-HEX-1:5\r\n8b:a-dman-HEX-1:5\r\n9b:a-dman-HEX-1:5\r\n10b:a-dman-HEX-1:5\r\n11b:a-dman-HEX-1:5\r\n12b:a-dman-HEX-1:5\r\n13b:a-dman-HEX-1:5\r\nLIN\r\n1:1d(2+1)2n\r\n2:1o(4+1)3d\r\n3:3d(2+1)4n\r\n4:3o(4+1)5d\r\n5:5o(3+1)6d\r\n6:6o(2+1)7d\r\n7:7o(2+1)8d\r\n8:8o(3+1)9d\r\n9:6o(6+1)10d\r\n10:10o(2+1)11d\r\n11:11o(3+1)12d\r\n12:5o(6+1)13d	SRC:GLYGEN_CURATORS	Oxford notation	mammalian high mannose, canonical	7a9857d9-21b5-40a1-aa48-deb2cca160d8	fa564a4e-aafd-4c22-a7f5-75de02f13b47
Man3	trimannosyl core of N-glycans		M3 (N-glycan)	RES\r\n1b:b-dglc-HEX-1:5\r\n2s:n-acetyl\r\n3b:b-dglc-HEX-1:5\r\n4s:n-acetyl\r\n5b:b-dman-HEX-1:5\r\n6b:a-dman-HEX-1:5\r\n7b:a-dman-HEX-1:5\r\nLIN\r\n1:1d(2+1)2n\r\n2:1o(4+1)3d\r\n3:3d(2+1)4n\r\n4:3o(4+1)5d\r\n5:5o(3+1)6d\r\n6:5o(6+1)7d	SRC:https://www.ludger.com/docs/tables/ludger-n-glycan-nomenclature-table.pdf	IgG notation	mammalian, not to be confused with core M3	cd8f3c4f-b226-4180-a34f-3c3201e83c19	4f66fdd8-8549-425d-b585-e7f9dd3c9ce5
Man5	afucosylated high-mannose (5) N-glycan		M5	RES\r\n1b:b-dglc-HEX-1:5\r\n2s:n-acetyl\r\n3b:b-dglc-HEX-1:5\r\n4s:n-acetyl\r\n5b:b-dman-HEX-1:5\r\n6b:a-dman-HEX-1:5\r\n7b:x-dman-HEX-1:5\r\n8b:a-dman-HEX-1:5\r\n9b:x-dman-HEX-1:5\r\nLIN\r\n1:1d(2+1)2n\r\n2:1o(4+1)3d\r\n3:3d(2+1)4n\r\n4:3o(4+1)5d\r\n5:5o(3+1)6d\r\n6:6o(-1+1)7d\r\n7:5o(6+1)8d\r\n8:8o(-1+1)9d	SRC:GLYGEN_CURATORS	IgG notation	mammalian high mannose, ambiguity in the two terminal mannoses	eea4a714-f3cd-4bf1-bb5d-f1d204faf2fc	a72f2c07-9bbf-4b1f-a165-4660423fc5c7
Man6	afucosylated high-mannose (6) N-glycan		M6	RES\r\n1b:b-dglc-HEX-1:5\r\n2s:n-acetyl\r\n3b:b-dglc-HEX-1:5\r\n4s:n-acetyl\r\n5b:b-dman-HEX-1:5\r\n6b:a-dman-HEX-1:5\r\n7b:a-dman-HEX-1:5\r\n8b:a-dman-HEX-1:5\r\n9b:a-dman-HEX-1:5\r\n10b:a-dman-HEX-1:5\r\nLIN\r\n1:1d(2+1)2n\r\n2:1o(4+1)3d\r\n3:3d(2+1)4n\r\n4:3o(4+1)5d\r\n5:5o(3+1)6d\r\n6:6o(2+1)7d\r\n7:7o(2+1)8d\r\n8:6o(6+1)9d\r\n9:5o(6+1)10d	SRC:GLYGEN_CURATORS	IgG notation	mammalian high mannose, canonical	00e6e536-54dc-48f3-9956-c012018370bd	bff19a85-5a8a-4788-937e-f9ed1421c421
Man7	afucosylated high-mannose (7) N-glycan		M7	RES\r\n1b:b-dglc-HEX-1:5\r\n2s:n-acetyl\r\n3b:b-dglc-HEX-1:5\r\n4s:n-acetyl\r\n5b:b-dman-HEX-1:5\r\n6b:a-dman-HEX-1:5\r\n7b:a-dman-HEX-1:5\r\n8b:a-dman-HEX-1:5\r\n9b:a-dman-HEX-1:5\r\n10b:a-dman-HEX-1:5\r\n11b:a-dman-HEX-1:5\r\nLIN\r\n1:1d(2+1)2n\r\n2:1o(4+1)3d\r\n3:3d(2+1)4n\r\n4:3o(4+1)5d\r\n5:5o(3+1)6d\r\n6:6o(2+1)7d\r\n7:7o(2+1)8d\r\n8:5o(6+1)9d\r\n9:9o(3+1)10d\r\n10:10o(2+1)11d	SRC:GLYGEN_CURATORS	IgG notation	mammalian high mannose, canonical	746024b8-bcb3-4515-9ff7-be9027b65076	9fc50229-5c75-417d-a3f6-2f99ec34406f
Man8	afucosylated high-mannose (8) N-glycan		M8	RES\r\n1b:b-dglc-HEX-1:5\r\n2s:n-acetyl\r\n3b:b-dglc-HEX-1:5\r\n4s:n-acetyl\r\n5b:b-dman-HEX-1:5\r\n6b:a-dman-HEX-1:5\r\n7b:a-dman-HEX-1:5\r\n8b:a-dman-HEX-1:5\r\n9b:a-dman-HEX-1:5\r\n10b:a-dman-HEX-1:5\r\n11b:a-dman-HEX-1:5\r\n12b:a-dman-HEX-1:5\r\nLIN\r\n1:1d(2+1)2n\r\n2:1o(4+1)3d\r\n3:3d(2+1)4n\r\n4:3o(4+1)5d\r\n5:5o(3+1)6d\r\n6:6o(2+1)7d\r\n7:7o(2+1)8d\r\n8:5o(6+1)9d\r\n9:9o(3+1)10d\r\n10:10o(2+1)11d\r\n11:9o(6+1)12d	SRC:GLYGEN_CURATORS	IgG notation	mammalian high mannose, canonical	b2e5c2c0-14c3-45ef-9ba1-750de9038621	243db368-0ebb-498c-b2e0-7d94971a5d14
Man9	afucosylated high-mannose (9) N-glycan		M9	RES\r\n1b:b-dglc-HEX-1:5\r\n2s:n-acetyl\r\n3b:b-dglc-HEX-1:5\r\n4s:n-acetyl\r\n5b:b-dman-HEX-1:5\r\n6b:a-dman-HEX-1:5\r\n7b:a-dman-HEX-1:5\r\n8b:a-dman-HEX-1:5\r\n9b:a-dman-HEX-1:5\r\n10b:a-dman-HEX-1:5\r\n11b:a-dman-HEX-1:5\r\n12b:a-dman-HEX-1:5\r\n13b:a-dman-HEX-1:5\r\nLIN\r\n1:1d(2+1)2n\r\n2:1o(4+1)3d\r\n3:3d(2+1)4n\r\n4:3o(4+1)5d\r\n5:5o(3+1)6d\r\n6:6o(2+1)7d\r\n7:7o(2+1)8d\r\n8:8o(3+1)9d\r\n9:6o(6+1)10d\r\n10:10o(2+1)11d\r\n11:11o(3+1)12d\r\n12:5o(6+1)13d	SRC:GLYGEN_CURATORS	IgG notation	mammalian high mannose, canonical	5bce4f74-823d-4503-b458-a1a3d10ca1b4	4faaddff-0f4a-4949-bf99-4359a6983331